"industry","class_code_fct","special_class","yr_2018","yr_2019","yr_2020","yr_2021","yr_2022","delta_18_19","delta_19_20","delta_20_21","delta_21_22","type_21_22","class_code_type"
"Contracting","0042",NA,3.59,3.15,2.83,2.86,2.48,-0.122562674094708,-0.101587301587302,0.0106007067137808,-0.132867132867133,"-10-20%","LIVE CODE"
"Contracting","0050",NA,3.69,3.22,3.06,3.13,3.28,-0.127371273712737,-0.0496894409937889,0.022875816993464,0.0479233226837061,"0-5%","LIVE CODE"
"Contracting","1322",NA,6.38,5.45,4.73,4.74,4.75,-0.14576802507837,-0.132110091743119,0.0021141649048626,0.00210970464135007,"0-5%","LIVE CODE"
"Contracting","2799",NA,4.8,4.09,3.73,3.39,3.06,-0.147916666666667,-0.0880195599022005,-0.0911528150134048,-0.0973451327433629,"-10-20%","LIVE CODE"
"Contracting","3365",NA,3.96,3.34,2.99,2.86,2.77,-0.156565656565657,-0.104790419161677,-0.0434782608695653,-0.0314685314685315,"-0-5%","LIVE CODE"
"Contracting","3719",NA,0.89,0.76,0.66,0.6,0.5,-0.146067415730337,-0.131578947368421,-0.0909090909090909,-0.166666666666667,"-10-20%","LIVE CODE"
"Contracting","3724",NA,2.17,2.1,1.85,1.91,2.05,-0.032258064516129,-0.119047619047619,0.0324324324324323,0.0732984293193717,"5-10%","LIVE CODE"
"Contracting","3726",NA,3.68,3.14,2.65,2.56,2.53,-0.146739130434783,-0.156050955414013,-0.0339622641509434,-0.0117187500000001,"-0-5%","LIVE CODE"
"Contracting","5020",NA,5.24,4.47,3.6,3.35,3.03,-0.146946564885496,-0.194630872483221,-0.0694444444444444,-0.0955223880597016,"-10-20%","LIVE CODE"
"Contracting","5022",NA,5.67,4.97,4.34,4.03,3.68,-0.123456790123457,-0.126760563380282,-0.0714285714285713,-0.0868486352357321,"-10-20%","LIVE CODE"
"Contracting","5037",NA,10.39,8.62,7.46,7.13,6.04,-0.170356111645813,-0.134570765661253,-0.0442359249329759,-0.152875175315568,"-10-20%","LIVE CODE"
"Contracting","5040",NA,4.79,4.75,4.64,5.15,4.75,-0.00835073068893533,-0.0231578947368422,0.109913793103448,-0.0776699029126214,"-10-20%","LIVE CODE"
"Contracting","5057",NA,4.23,3.65,3.31,3.44,3.1,-0.137115839243499,-0.0931506849315068,0.0392749244712991,-0.0988372093023255,"-10-20%","LIVE CODE"
"Contracting","5059",NA,16.4,13.18,11.67,12.17,11.62,-0.196341463414634,-0.114567526555387,0.0428449014567267,-0.0451930977814298,"-0-5%","LIVE CODE"
"Contracting","5102",NA,3.91,3.61,3.53,3.61,3.17,-0.0767263427109975,-0.0221606648199446,0.0226628895184136,-0.121883656509695,"-10-20%","LIVE CODE"
"Contracting","5146",NA,3.59,3.19,2.73,2.53,2.45,-0.11142061281337,-0.144200626959248,-0.0732600732600733,-0.0316205533596836,"-0-5%","LIVE CODE"
"Contracting","5160",NA,1.73,1.68,1.54,1.49,1.26,-0.0289017341040463,-0.0833333333333333,-0.0324675324675325,-0.154362416107383,"-10-20%","LIVE CODE"
"Contracting","5183",NA,2.74,2.21,1.86,1.91,1.88,-0.193430656934307,-0.158371040723982,0.0268817204301075,-0.0157068062827225,"-0-5%","LIVE CODE"
"Contracting","5188",NA,3.55,2.59,2.03,1.88,1.71,-0.270422535211268,-0.216216216216216,-0.0738916256157635,-0.0904255319148936,"-10-20%","LIVE CODE"
"Contracting","5190",NA,2.87,2.3,1.97,1.82,1.76,-0.198606271777004,-0.143478260869565,-0.0761421319796954,-0.032967032967033,"-0-5%","LIVE CODE"
"Contracting","5213",NA,5.94,4.79,4.1,3.62,3.47,-0.193602693602694,-0.144050104384134,-0.117073170731707,-0.0414364640883977,"-0-5%","LIVE CODE"
"Contracting","5215",NA,3.77,3.95,3.48,3.15,2.89,0.0477453580901857,-0.118987341772152,-0.0948275862068966,-0.0825396825396825,"-10-20%","LIVE CODE"
"Contracting","5221",NA,3.34,2.83,2.68,2.37,2.19,-0.152694610778443,-0.0530035335689045,-0.115671641791045,-0.0759493670886077,"-10-20%","LIVE CODE"
"Contracting","5222",NA,5.43,4.93,4.52,4.17,4.04,-0.0920810313075506,-0.0831643002028398,-0.077433628318584,-0.0311750599520384,"-0-5%","LIVE CODE"
"Contracting","5223",NA,5.03,4.36,3.97,3.43,2.87,-0.133200795228628,-0.0894495412844037,-0.136020151133501,-0.163265306122449,"-10-20%","LIVE CODE"
"Contracting","5348",NA,3.3,2.75,2.55,2.47,2.25,-0.166666666666667,-0.0727272727272728,-0.0313725490196077,-0.0890688259109312,"-10-20%","LIVE CODE"
"Contracting","5402",NA,3.15,2.88,3.06,3.27,3.5,-0.0857142857142857,0.0625,0.0686274509803921,0.070336391437309,"5-10%","LIVE CODE"
"Contracting","5403",NA,4.92,3.95,3.31,3.36,3.1,-0.197154471544715,-0.162025316455696,0.0151057401812689,-0.0773809523809523,"-10-20%","LIVE CODE"
"Contracting","5437",NA,3.78,3.62,3.21,3.17,3.2,-0.0423280423280422,-0.113259668508287,-0.0124610591900312,0.0094637223974765,"0-5%","LIVE CODE"
"Contracting","5443",NA,2.86,2.54,2.48,2.44,2.25,-0.111888111888112,-0.0236220472440946,-0.0161290322580645,-0.0778688524590164,"-10-20%","LIVE CODE"
"Contracting","5445",NA,7.27,6.52,5.61,4.91,4.89,-0.103163686382393,-0.139570552147239,-0.124777183600713,-0.00407331975560088,"-0-5%","LIVE CODE"
"Contracting","5462",NA,4.76,4.33,3.82,3.48,3.3,-0.0903361344537814,-0.117782909930716,-0.0890052356020942,-0.0517241379310345,"-10-20%","LIVE CODE"
"Contracting","5472",NA,4.67,4.83,4.27,4.13,4.06,0.0342612419700214,-0.115942028985507,-0.0327868852459016,-0.0169491525423729,"-0-5%","LIVE CODE"
"Contracting","5473",NA,9.19,7.08,6.21,5.66,5.77,-0.229597388465724,-0.122881355932203,-0.0885668276972624,0.0194346289752649,"0-5%","LIVE CODE"
"Contracting","5474",NA,5.1,4.61,4.31,4,3.77,-0.0960784313725489,-0.0650759219088939,-0.0719257540603248,-0.0575,"-10-20%","LIVE CODE"
"Contracting","5478",NA,2.33,2.23,2.06,1.92,1.91,-0.0429184549356224,-0.0762331838565022,-0.0679611650485438,-0.00520833333333337,"-0-5%","LIVE CODE"
"Contracting","5479",NA,5.17,4.26,3.71,3.63,3.33,-0.176015473887814,-0.129107981220657,-0.0215633423180593,-0.0826446280991735,"-10-20%","LIVE CODE"
"Contracting","5480",NA,4.13,4.06,3.77,3.67,3.52,-0.0169491525423729,-0.0714285714285713,-0.0265251989389921,-0.0408719346049046,"-0-5%","LIVE CODE"
"Contracting","5491",NA,1.85,1.54,1.42,1.27,1.15,-0.167567567567568,-0.0779220779220779,-0.105633802816901,-0.094488188976378,"-10-20%","LIVE CODE"
"Contracting","5506",NA,5.26,4.48,3.84,3.63,3.22,-0.14828897338403,-0.142857142857143,-0.0546875,-0.112947658402204,"-10-20%","LIVE CODE"
"Contracting","5507",NA,2.86,2.39,2.18,2.2,2.04,-0.164335664335664,-0.0878661087866108,0.00917431192660545,-0.0727272727272728,"-10-20%","LIVE CODE"
"Contracting","5508",NA,6.94,5.56,NA,NA,NA,-0.198847262247839,NA,NA,NA,"ERROR","ANCIENT CODE"
"Contracting","5535",NA,4.93,4.56,4.18,4.02,4,-0.0750507099391481,-0.0833333333333334,-0.0382775119617226,-0.00497512437810932,"-0-5%","LIVE CODE"
"Contracting","5537",NA,3.92,3.32,2.79,2.6,2.43,-0.153061224489796,-0.159638554216867,-0.068100358422939,-0.0653846153846154,"-10-20%","LIVE CODE"
"Contracting","5551",NA,14.38,11.82,9.61,9.49,8.45,-0.178025034770515,-0.186971235194585,-0.0124869927159208,-0.109589041095891,"-10-20%","LIVE CODE"
"Contracting","5606",NA,0.87,0.67,0.63,0.57,0.53,-0.229885057471264,-0.0597014925373135,-0.0952380952380953,-0.0701754385964911,"-10-20%","LIVE CODE"
"Contracting","5610",NA,5.09,4.33,3.54,2.98,2.96,-0.149312377210216,-0.182448036951501,-0.15819209039548,-0.00671140939597314,"-0-5%","LIVE CODE"
"Contracting","5645",NA,12.24,10.79,9.91,9.68,9.19,-0.118464052287582,-0.0815569972196477,-0.0232088799192735,-0.0506198347107438,"-10-20%","LIVE CODE"
"Contracting","5703",NA,10.28,8.78,8.41,8.62,8.45,-0.14591439688716,-0.042141230068337,0.0249702734839476,-0.0197215777262181,"-0-5%","LIVE CODE"
"Contracting","5705",NA,25.5,20.5,16.65,14.36,12.86,-0.196078431372549,-0.187804878048781,-0.137537537537538,-0.104456824512535,"-10-20%","LIVE CODE"
"Contracting","6003",NA,6.36,5.16,4.47,3.78,3.31,-0.188679245283019,-0.133720930232558,-0.154362416107383,-0.124338624338624,"-10-20%","LIVE CODE"
"Contracting","6005",NA,4.91,4.17,3.79,3.89,3.5,-0.15071283095723,-0.0911270983213429,0.0263852242744063,-0.10025706940874,"-10-20%","LIVE CODE"
"Contracting","6018",NA,2.17,1.79,1.69,1.6,1.52,-0.175115207373272,-0.0558659217877095,-0.0532544378698224,-0.05,"-10-20%","LIVE CODE"
"Contracting","6045",NA,3.74,3.13,2.69,2.76,2.71,-0.163101604278075,-0.140575079872204,0.0260223048327137,-0.0181159420289855,"-0-5%","LIVE CODE"
"Contracting","6204",NA,7.27,5.66,4.52,4.23,4.07,-0.221458046767538,-0.201413427561838,-0.0641592920353981,-0.0378250591016549,"-0-5%","LIVE CODE"
"Contracting","6206",NA,2.29,1.82,1.64,1.7,1.55,-0.205240174672489,-0.098901098901099,0.0365853658536586,-0.088235294117647,"-10-20%","LIVE CODE"
"Contracting","6213",NA,1.46,1.14,0.91,0.85,0.97,-0.219178082191781,-0.201754385964912,-0.065934065934066,0.141176470588235,"10-20%","LIVE CODE"
"Contracting","6214",NA,1.63,1.29,1.09,1.02,0.93,-0.208588957055215,-0.155038759689922,-0.0642201834862386,-0.0882352941176471,"-10-20%","LIVE CODE"
"Contracting","6216",NA,4.6,3.91,3.34,3.22,3.08,-0.15,-0.145780051150895,-0.0359281437125748,-0.0434782608695653,"-0-5%","LIVE CODE"
"Contracting","6217",NA,4.24,3.47,2.91,2.73,2.43,-0.181603773584906,-0.161383285302594,-0.0618556701030928,-0.10989010989011,"-10-20%","LIVE CODE"
"Contracting","6229",NA,4.37,3.57,3.22,3.32,2.83,-0.183066361556064,-0.0980392156862744,0.031055900621118,-0.147590361445783,"-10-20%","LIVE CODE"
"Contracting","6233",NA,1.64,1.43,1.28,1.34,1.22,-0.128048780487805,-0.104895104895105,0.046875,-0.0895522388059702,"-10-20%","LIVE CODE"
"Contracting","6235",NA,3.97,3.45,3.02,2.99,2.99,-0.130982367758186,-0.12463768115942,-0.00993377483443703,0,"NO CHANGE","LIVE CODE"
"Contracting","6236",NA,5.99,4.8,4.08,3.89,3.54,-0.198664440734558,-0.15,-0.0465686274509803,-0.089974293059126,"-10-20%","LIVE CODE"
"Contracting","6237",NA,1.37,1.09,0.94,0.88,0.82,-0.204379562043796,-0.137614678899083,-0.0638297872340425,-0.0681818181818182,"-10-20%","LIVE CODE"
"Contracting","6251","D",3.93,3.28,2.64,2.45,2.32,-0.165394402035624,-0.195121951219512,-0.0719696969696969,-0.053061224489796,"-10-20%","LIVE CODE"
"Contracting","6252","D",3.3,2.67,2.32,2.08,1.75,-0.190909090909091,-0.131086142322097,-0.103448275862069,-0.158653846153846,"-10-20%","LIVE CODE"
"Contracting","6306",NA,3.82,3.26,2.9,2.85,2.52,-0.146596858638743,-0.110429447852761,-0.0172413793103448,-0.115789473684211,"-10-20%","LIVE CODE"
"Contracting","6319",NA,3.54,2.64,2.37,2.27,2.04,-0.254237288135593,-0.102272727272727,-0.0421940928270043,-0.101321585903084,"-10-20%","LIVE CODE"
"Contracting","6325",NA,3.9,2.88,2.26,1.97,1.74,-0.261538461538461,-0.215277777777778,-0.128318584070796,-0.116751269035533,"-10-20%","LIVE CODE"
"Contracting","6400",NA,4.28,3.71,3.27,2.87,2.53,-0.133177570093458,-0.118598382749326,-0.122324159021407,-0.118466898954704,"-10-20%","LIVE CODE"
"Contracting","7529","X",12.5,10.07,8.53,7.38,6.44,-0.1944,-0.152929493545184,-0.134818288393904,-0.127371273712737,"-10-20%","LIVE CODE"
"Contracting","7538",NA,6.71,4.79,3.61,3.07,2.49,-0.286140089418778,-0.246346555323591,-0.149584487534626,-0.188925081433225,"-10-20%","LIVE CODE"
"Contracting","7605",NA,1.81,1.56,1.52,1.45,1.42,-0.138121546961326,-0.0256410256410257,-0.0460526315789475,-0.0206896551724138,"-0-5%","LIVE CODE"
"Contracting","7855",NA,2.5,2.38,2.25,2.11,2.06,-0.048,-0.0546218487394957,-0.0622222222222223,-0.0236966824644549,"-0-5%","LIVE CODE"
"Contracting","8227",NA,3.35,2.74,2.43,2.19,1.98,-0.182089552238806,-0.113138686131387,-0.0987654320987655,-0.095890410958904,"-10-20%","LIVE CODE"
"Contracting","9534",NA,4.08,3.46,3.25,3.14,2.8,-0.151960784313726,-0.0606936416184971,-0.0338461538461539,-0.10828025477707,"-10-20%","LIVE CODE"
"Contracting","9554",NA,8.35,6.6,5.98,5.85,5.33,-0.209580838323353,-0.0939393939393939,-0.0217391304347827,-0.0888888888888888,"-10-20%","LIVE CODE"
"F-Class","6801","F",2.28,2.49,2.53,2.44,2.8,0.0921052631578949,0.0160642570281122,-0.0355731225296442,0.147540983606557,"10-20%","LIVE CODE"
"F-Class","6824","F",7.93,7.9,7.01,5.99,5.1,-0.00378310214375777,-0.112658227848101,-0.145506419400856,-0.148580968280468,"-10-20%","LIVE CODE"
"F-Class","6826","F",3.35,3.41,3.26,3,2.6,0.017910447761194,-0.0439882697947215,-0.0797546012269938,-0.133333333333333,"-10-20%","LIVE CODE"
"F-Class","6843","F",6.59,7.03,7.28,7.64,6.5,0.0667678300455237,0.0355618776671409,0.0494505494505493,-0.149214659685864,"-10-20%","LIVE CODE"
"F-Class","6845","F",6.09,6.14,5.77,5.41,4.6,0.00821018062397361,-0.0602605863192183,-0.0623916811091854,-0.149722735674677,"-10-20%","LIVE CODE"
"F-Class","6872","F",8.97,8.83,8.39,7.38,6.28,-0.0156075808249722,-0.0498301245753113,-0.120381406436234,-0.149051490514905,"-10-20%","LIVE CODE"
"F-Class","6874","F",14.26,15.05,14.65,13.8,11.73,0.0553997194950913,-0.0265780730897011,-0.0580204778156996,-0.15,"-10-20%","LIVE CODE"
"F-Class","7309","F",9.5,9.29,8.51,7.45,6.34,-0.0221052631578948,-0.0839612486544671,-0.124559341950646,-0.148993288590604,"-10-20%","LIVE CODE"
"F-Class","7313","F",3.22,3.44,3.44,3.31,2.82,0.0683229813664596,0,-0.0377906976744186,-0.148036253776435,"-10-20%","LIVE CODE"
"F-Class","7317","F",9.17,8.68,7.65,6.65,5.66,-0.0534351145038168,-0.118663594470046,-0.130718954248366,-0.148872180451128,"-10-20%","LIVE CODE"
"F-Class","7327","F",13.94,14.85,14.81,14.32,12.18,0.0652797704447632,-0.00269360269360264,-0.0330857528696826,-0.149441340782123,"-10-20%","LIVE CODE"
"F-Class","7350","F",10.66,10.22,9.36,8.92,7.59,-0.0412757973733583,-0.0841487279843446,-0.047008547008547,-0.149103139013453,"-10-20%","LIVE CODE"
"F-Class","8709","F",3.97,4.02,3.9,3.59,3.06,0.0125944584382871,-0.0298507462686566,-0.0794871794871795,-0.147632311977716,"-10-20%","LIVE CODE"
"F-Class","8726","F",2.01,2.02,1.88,1.89,1.61,0.00497512437810954,-0.0693069306930694,0.00531914893617014,-0.148148148148148,"-10-20%","LIVE CODE"
"F-Class","9077","F",1.79,1.9,1.87,1.84,2.11,0.0614525139664803,-0.0157894736842105,-0.0160427807486632,0.146739130434782,"10-20%","LIVE CODE"
"Goods and Services","0005",NA,2.23,2.03,1.95,1.73,1.62,-0.0896860986547086,-0.0394088669950738,-0.112820512820513,-0.0635838150289016,"-10-20%","LIVE CODE"
"Goods and Services","0008",NA,1.88,1.48,1.27,1.14,1.1,-0.212765957446808,-0.141891891891892,-0.102362204724409,-0.0350877192982455,"-0-5%","LIVE CODE"
"Goods and Services","0016",NA,5.09,4.03,3.45,3.35,3.07,-0.208251473477407,-0.143920595533499,-0.0289855072463768,-0.0835820895522389,"-10-20%","LIVE CODE"
"Goods and Services","0034",NA,2.62,2.03,1.9,1.69,1.77,-0.225190839694657,-0.064039408866995,-0.110526315789474,0.0473372781065089,"0-5%","LIVE CODE"
"Goods and Services","0035",NA,1.53,1.36,1.28,1.21,1.14,-0.111111111111111,-0.0588235294117647,-0.0546875,-0.0578512396694215,"-10-20%","LIVE CODE"
"Goods and Services","0036",NA,3.22,2.69,2.27,2.05,1.84,-0.164596273291925,-0.156133828996282,-0.0969162995594715,-0.102439024390244,"-10-20%","LIVE CODE"
"Goods and Services","0037",NA,2.73,2.32,2.07,2.01,1.87,-0.15018315018315,-0.107758620689655,-0.0289855072463768,-0.0696517412935321,"-10-20%","LIVE CODE"
"Goods and Services","0079",NA,2.24,1.8,1.43,1.37,1.3,-0.196428571428572,-0.205555555555556,-0.0419580419580419,-0.051094890510949,"-10-20%","LIVE CODE"
"Goods and Services","0083",NA,2.58,2.38,2.21,2.16,2.15,-0.0775193798449613,-0.0714285714285714,-0.0226244343891402,-0.00462962962962976,"-0-5%","LIVE CODE"
"Goods and Services","0113",NA,3.37,2.73,2.47,2.5,2.27,-0.189910979228487,-0.0952380952380951,0.0121457489878543,-0.092,"-10-20%","LIVE CODE"
"Goods and Services","0170",NA,1.83,1.43,1.26,1.17,1.2,-0.218579234972678,-0.118881118881119,-0.0714285714285715,0.0256410256410258,"0-5%","LIVE CODE"
"Goods and Services","0401",NA,7.04,5.99,5.51,5.11,4.58,-0.149147727272727,-0.0801335559265444,-0.072595281306715,-0.103718199608611,"-10-20%","LIVE CODE"
"Goods and Services","0908","P",100,90,88,90,91,-0.1,-0.0222222222222223,0.0227272727272727,0.0111111111111111,"0-5%","LIVE CODE"
"Goods and Services","0913","P",484,402,341,285,260,-0.169421487603306,-0.151741293532338,-0.164222873900293,-0.0877192982456141,"-10-20%","LIVE CODE"
"Goods and Services","0917",NA,3.4,2.61,2.3,2.19,2.03,-0.232352941176471,-0.118773946360153,-0.0478260869565217,-0.0730593607305937,"-10-20%","LIVE CODE"
"Goods and Services","2587",NA,1.52,1.26,1.16,1.18,1.19,-0.171052631578947,-0.0793650793650794,0.0172413793103448,0.00847457627118642,"0-5%","LIVE CODE"
"Goods and Services","3821",NA,5,3.75,3.38,2.97,2.94,-0.25,-0.0986666666666667,-0.121301775147929,-0.0101010101010102,"-0-5%","LIVE CODE"
"Goods and Services","4511",NA,0.35,0.31,0.28,0.26,0.24,-0.114285714285714,-0.096774193548387,-0.0714285714285715,-0.076923076923077,"-10-20%","LIVE CODE"
"Goods and Services","5191",NA,0.55,0.49,0.5,0.48,0.48,-0.109090909090909,0.0204081632653061,-0.04,0,"NO CHANGE","LIVE CODE"
"Goods and Services","5192",NA,2.35,1.95,1.68,1.54,1.37,-0.170212765957447,-0.138461538461539,-0.0833333333333333,-0.11038961038961,"-10-20%","LIVE CODE"
"Goods and Services","7390",NA,3.17,2.6,2.37,2.28,2.15,-0.17981072555205,-0.0884615384615385,-0.0379746835443039,-0.0570175438596491,"-10-20%","LIVE CODE"
"Goods and Services","8001",NA,1.67,1.52,1.52,1.45,1.38,-0.0898203592814371,0,-0.0460526315789475,-0.0482758620689656,"-0-5%","LIVE CODE"
"Goods and Services","8002",NA,1.41,1.19,1.17,1.11,1.08,-0.156028368794326,-0.0168067226890757,-0.0512820512820511,-0.0270270270270271,"-0-5%","LIVE CODE"
"Goods and Services","8006",NA,1.97,1.51,1.35,1.33,1.25,-0.233502538071066,-0.105960264900662,-0.0148148148148148,-0.0601503759398496,"-10-20%","LIVE CODE"
"Goods and Services","8008",NA,0.9,0.75,0.74,0.73,0.7,-0.166666666666667,-0.0133333333333333,-0.0135135135135135,-0.041095890410959,"-0-5%","LIVE CODE"
"Goods and Services","8010",NA,1.09,0.97,0.94,0.94,0.92,-0.110091743119266,-0.0309278350515464,0,-0.0212765957446808,"-0-5%","LIVE CODE"
"Goods and Services","8013",NA,0.29,0.24,0.22,0.21,0.19,-0.172413793103448,-0.0833333333333333,-0.0454545454545455,-0.0952380952380952,"-10-20%","LIVE CODE"
"Goods and Services","8015",NA,0.77,0.63,0.53,0.43,0.38,-0.181818181818182,-0.158730158730159,-0.188679245283019,-0.116279069767442,"-10-20%","LIVE CODE"
"Goods and Services","8017",NA,1.09,0.92,0.83,0.83,0.74,-0.155963302752294,-0.0978260869565218,0,-0.108433734939759,"-10-20%","LIVE CODE"
"Goods and Services","8018",NA,1.68,1.49,1.51,1.53,1.51,-0.113095238095238,0.0134228187919463,0.0132450331125828,-0.0130718954248367,"-0-5%","LIVE CODE"
"Goods and Services","8021",NA,1.59,1.45,1.35,1.24,1.2,-0.0880503144654089,-0.0689655172413792,-0.0814814814814816,-0.0322580645161291,"-0-5%","LIVE CODE"
"Goods and Services","8031",NA,2.39,1.81,1.49,1.34,1.19,-0.242677824267782,-0.176795580110497,-0.100671140939597,-0.111940298507463,"-10-20%","LIVE CODE"
"Goods and Services","8032",NA,1.42,1.16,1.1,1.05,1.01,-0.183098591549296,-0.0517241379310344,-0.0454545454545455,-0.0380952380952382,"-0-5%","LIVE CODE"
"Goods and Services","8033",NA,1.08,1.02,0.95,0.96,0.9,-0.0555555555555556,-0.0686274509803922,0.0105263157894737,-0.0624999999999999,"-10-20%","LIVE CODE"
"Goods and Services","8037",NA,1.85,1.06,0.73,0.76,0.77,-0.427027027027027,-0.311320754716981,0.0410958904109588,0.013157894736842,"0-5%","LIVE CODE"
"Goods and Services","8039",NA,1.13,0.94,0.87,0.82,0.82,-0.168141592920354,-0.0744680851063829,-0.0574712643678161,0,"NO CHANGE","LIVE CODE"
"Goods and Services","8044",NA,2.39,1.99,1.81,1.58,1.44,-0.167364016736402,-0.0904522613065326,-0.12707182320442,-0.0886075949367089,"-10-20%","LIVE CODE"
"Goods and Services","8045",NA,0.48,0.45,0.42,0.4,0.39,-0.0624999999999999,-0.0666666666666668,-0.0476190476190476,-0.025,"-0-5%","LIVE CODE"
"Goods and Services","8046",NA,1.57,1.24,1.24,1.23,1.33,-0.210191082802548,0,-0.00806451612903225,0.0813008130081301,"5-10%","LIVE CODE"
"Goods and Services","8047",NA,0.75,0.58,0.49,0.44,0.42,-0.226666666666667,-0.155172413793103,-0.102040816326531,-0.0454545454545455,"-0-5%","LIVE CODE"
"Goods and Services","8058",NA,1.99,1.58,1.42,1.39,1.35,-0.206030150753769,-0.10126582278481,-0.0211267605633803,-0.028776978417266,"-0-5%","LIVE CODE"
"Goods and Services","8072",NA,0.63,0.48,0.4,0.38,0.35,-0.238095238095238,-0.166666666666667,-0.05,-0.0789473684210527,"-10-20%","LIVE CODE"
"Goods and Services","8102",NA,1.13,0.98,0.89,0.87,0.87,-0.132743362831858,-0.0918367346938775,-0.0224719101123596,0,"NO CHANGE","LIVE CODE"
"Goods and Services","8103",NA,1.54,1.29,1.19,1.25,1.37,-0.162337662337662,-0.0775193798449613,0.0504201680672269,0.0960000000000001,"5-10%","LIVE CODE"
"Goods and Services","8106",NA,2.97,2.51,2.31,2.23,2.13,-0.154882154882155,-0.0796812749003983,-0.0346320346320347,-0.0448430493273543,"-0-5%","LIVE CODE"
"Goods and Services","8107",NA,2.35,1.87,1.66,1.56,1.53,-0.204255319148936,-0.112299465240642,-0.0602409638554217,-0.0192307692307693,"-0-5%","LIVE CODE"
"Goods and Services","8111",NA,1.47,1.15,1.03,0.96,1,-0.217687074829932,-0.104347826086956,-0.0679611650485438,0.0416666666666667,"0-5%","LIVE CODE"
"Goods and Services","8116",NA,1.79,1.42,1.28,1.23,1.1,-0.206703910614525,-0.0985915492957746,-0.0390625,-0.105691056910569,"-10-20%","LIVE CODE"
"Goods and Services","8204",NA,3.24,2.82,2.69,2.55,2.44,-0.12962962962963,-0.0460992907801419,-0.0520446096654276,-0.0431372549019607,"-0-5%","LIVE CODE"
"Goods and Services","8209",NA,2.24,2.07,1.99,1.88,1.76,-0.0758928571428573,-0.038647342995169,-0.0552763819095478,-0.0638297872340425,"-10-20%","LIVE CODE"
"Goods and Services","8215",NA,2.27,2.01,1.88,1.83,1.77,-0.114537444933921,-0.0646766169154228,-0.026595744680851,-0.0327868852459017,"-0-5%","LIVE CODE"
"Goods and Services","8232",NA,3,2.74,2.55,2.5,2.4,-0.0866666666666666,-0.0693430656934307,-0.0196078431372548,-0.04,"-0-5%","LIVE CODE"
"Goods and Services","8233",NA,2.07,1.83,1.63,1.54,1.44,-0.115942028985507,-0.109289617486339,-0.0552147239263803,-0.064935064935065,"-10-20%","LIVE CODE"
"Goods and Services","8235",NA,3.15,2.9,2.53,2.38,2.24,-0.0793650793650794,-0.127586206896552,-0.0592885375494071,-0.0588235294117646,"-10-20%","LIVE CODE"
"Goods and Services","8236","X",4.26,3.58,3.11,2.87,2.76,-0.15962441314554,-0.131284916201117,-0.0771704180064308,-0.0383275261324043,"-0-5%","LIVE CODE"
"Goods and Services","8263",NA,4.94,4.1,3.72,3.51,3.41,-0.17004048582996,-0.0926829268292682,-0.0564516129032259,-0.0284900284900284,"-0-5%","LIVE CODE"
"Goods and Services","8264",NA,3.2,2.62,2.42,2.36,2.28,-0.18125,-0.0763358778625954,-0.0247933884297521,-0.0338983050847458,"-0-5%","LIVE CODE"
"Goods and Services","8265",NA,5.22,3.93,3.39,2.98,2.81,-0.247126436781609,-0.137404580152672,-0.12094395280236,-0.0570469798657718,"-10-20%","LIVE CODE"
"Goods and Services","8279",NA,5.81,4.33,3.43,2.94,2.89,-0.25473321858864,-0.207852193995381,-0.142857142857143,-0.0170068027210883,"-0-5%","LIVE CODE"
"Goods and Services","8288",NA,4.37,3.54,3.2,3.18,3.26,-0.189931350114417,-0.096045197740113,-0.00624999999999998,0.0251572327044023,"0-5%","LIVE CODE"
"Goods and Services","8291","X",2.93,2.3,1.91,1.77,1.77,-0.215017064846416,-0.169565217391304,-0.0732984293193717,0,"NO CHANGE","LIVE CODE"
"Goods and Services","8292","X",2.7,2.15,1.86,1.76,1.79,-0.203703703703704,-0.134883720930232,-0.0537634408602151,0.0170454545454546,"0-5%","LIVE CODE"
"Goods and Services","8293","X",7.11,5.37,4.66,4.36,4.06,-0.244725738396624,-0.132216014897579,-0.0643776824034334,-0.0688073394495414,"-10-20%","LIVE CODE"
"Goods and Services","8304",NA,3.8,3,2.74,2.68,2.54,-0.210526315789474,-0.0866666666666666,-0.0218978102189781,-0.0522388059701493,"-10-20%","LIVE CODE"
"Goods and Services","8350",NA,4.83,4.2,3.92,4,4.3,-0.130434782608696,-0.0666666666666668,0.0204081632653061,0.075,"5-10%","LIVE CODE"
"Goods and Services","8380",NA,1.79,1.47,1.31,1.21,1.16,-0.17877094972067,-0.108843537414966,-0.0763358778625954,-0.0413223140495869,"-0-5%","LIVE CODE"
"Goods and Services","8381",NA,1.35,1.25,1.16,1.08,0.98,-0.0740740740740742,-0.0720000000000001,-0.0689655172413792,-0.0925925925925927,"-10-20%","LIVE CODE"
"Goods and Services","8385",NA,1.48,1.21,1.09,1.08,1.22,-0.182432432432432,-0.0991735537190082,-0.00917431192660556,0.12962962962963,"10-20%","LIVE CODE"
"Goods and Services","8392",NA,1.66,1.38,1.26,1.18,1.12,-0.168674698795181,-0.0869565217391304,-0.0634920634920636,-0.0508474576271185,"-10-20%","LIVE CODE"
"Goods and Services","8393",NA,1.1,0.95,0.86,0.83,0.82,-0.136363636363636,-0.0947368421052631,-0.0348837209302326,-0.0120481927710844,"-0-5%","LIVE CODE"
"Goods and Services","8500",NA,3.71,3.32,3.04,2.93,3.08,-0.105121293800539,-0.0843373493975903,-0.0361842105263157,0.0511945392491466,"5-10%","LIVE CODE"
"Goods and Services","8606",NA,1.55,1.26,1.11,1.05,0.93,-0.187096774193548,-0.119047619047619,-0.0540540540540541,-0.114285714285714,"-10-20%","LIVE CODE"
"Goods and Services","8719",NA,1.86,1.46,1.25,1.14,1.08,-0.21505376344086,-0.143835616438356,-0.0880000000000001,-0.0526315789473683,"-10-20%","LIVE CODE"
"Goods and Services","8720",NA,0.93,0.66,0.58,0.56,0.57,-0.290322580645161,-0.121212121212121,-0.0344827586206895,0.0178571428571426,"0-5%","LIVE CODE"
"Goods and Services","8725",NA,1.82,1.55,1.49,1.42,1.21,-0.148351648351648,-0.0387096774193548,-0.0469798657718121,-0.147887323943662,"-10-20%","LIVE CODE"
"Goods and Services","8745",NA,3.38,2.38,1.92,1.68,1.79,-0.29585798816568,-0.19327731092437,-0.125,0.0654761904761905,"5-10%","LIVE CODE"
"Goods and Services","8824",NA,2.21,1.74,1.42,1.25,1.15,-0.212669683257919,-0.183908045977011,-0.119718309859155,-0.0800000000000001,"-10-20%","LIVE CODE"
"Goods and Services","8825",NA,1.15,1.23,NA,NA,NA,0.0695652173913044,NA,NA,NA,"ERROR","ANCIENT CODE"
"Goods and Services","8826",NA,1.92,1.26,1.11,1.1,1.01,-0.34375,-0.119047619047619,-0.00900900900900903,-0.0818181818181819,"-10-20%","LIVE CODE"
"Goods and Services","8831",NA,0.88,0.74,0.7,0.64,0.61,-0.159090909090909,-0.0540540540540541,-0.0857142857142856,-0.046875,"-0-5%","LIVE CODE"
"Goods and Services","8835",NA,2.04,1.67,1.4,1.27,1.13,-0.181372549019608,-0.161676646706587,-0.0928571428571427,-0.110236220472441,"-10-20%","LIVE CODE"
"Goods and Services","8842","X",1.5,1.31,1.21,1.21,1.17,-0.126666666666667,-0.0763358778625954,0,-0.0330578512396694,"-0-5%","LIVE CODE"
"Goods and Services","8848","X",2.21,1.91,NA,NA,NA,-0.135746606334842,NA,NA,NA,"ERROR","ANCIENT CODE"
"Goods and Services","8849","X",1.91,1.55,NA,NA,NA,-0.18848167539267,NA,NA,NA,"ERROR","ANCIENT CODE"
"Goods and Services","8864","X",0.86,0.73,0.67,0.66,0.6,-0.151162790697674,-0.0821917808219177,-0.0149253731343284,-0.0909090909090909,"-10-20%","LIVE CODE"
"Goods and Services","9014",NA,2.1,1.9,1.73,1.63,1.51,-0.0952380952380953,-0.0894736842105263,-0.0578034682080926,-0.0736196319018404,"-10-20%","LIVE CODE"
"Goods and Services","9015",NA,2.11,1.7,1.55,1.45,1.36,-0.194312796208531,-0.088235294117647,-0.0645161290322581,-0.0620689655172413,"-10-20%","LIVE CODE"
"Goods and Services","9016",NA,1.81,1.48,1.32,1.2,1.09,-0.18232044198895,-0.108108108108108,-0.0909090909090909,-0.0916666666666666,"-10-20%","LIVE CODE"
"Goods and Services","9033",NA,1.45,1.3,1.16,1.07,1.01,-0.103448275862069,-0.107692307692308,-0.0775862068965516,-0.0560747663551402,"-10-20%","LIVE CODE"
"Goods and Services","9040",NA,2.33,1.88,1.7,1.63,1.58,-0.1931330472103,-0.0957446808510638,-0.0411764705882354,-0.0306748466257668,"-0-5%","LIVE CODE"
"Goods and Services","9044",NA,0.96,0.73,0.64,0.59,0.57,-0.239583333333333,-0.123287671232877,-0.0781250000000001,-0.0338983050847458,"-0-5%","LIVE CODE"
"Goods and Services","9052",NA,1.38,1.21,1.02,0.92,0.81,-0.123188405797101,-0.15702479338843,-0.0980392156862745,-0.119565217391304,"-10-20%","LIVE CODE"
"Goods and Services","9058",NA,1.04,0.9,0.83,0.84,0.78,-0.134615384615385,-0.0777777777777778,0.0120481927710843,-0.0714285714285714,"-10-20%","LIVE CODE"
"Goods and Services","9060",NA,0.86,0.75,0.69,0.66,0.68,-0.127906976744186,-0.0800000000000001,-0.0434782608695651,0.0303030303030303,"0-5%","LIVE CODE"
"Goods and Services","9061",NA,0.68,0.62,0.6,0.57,0.55,-0.0882352941176471,-0.0322580645161291,-0.05,-0.0350877192982455,"-0-5%","LIVE CODE"
"Goods and Services","9062",NA,0.92,0.76,0.65,0.66,0.62,-0.173913043478261,-0.144736842105263,0.0153846153846153,-0.0606060606060607,"-10-20%","LIVE CODE"
"Goods and Services","9063",NA,0.64,0.49,0.46,0.45,0.41,-0.234375,-0.0612244897959183,-0.0217391304347826,-0.088888888888889,"-10-20%","LIVE CODE"
"Goods and Services","9082",NA,0.88,0.74,0.66,0.63,0.6,-0.159090909090909,-0.108108108108108,-0.0454545454545455,-0.0476190476190477,"-0-5%","LIVE CODE"
"Goods and Services","9083",NA,0.91,0.74,0.66,0.64,0.61,-0.186813186813187,-0.108108108108108,-0.0303030303030303,-0.046875,"-0-5%","LIVE CODE"
"Goods and Services","9084",NA,1.04,0.87,0.77,0.7,0.67,-0.163461538461539,-0.114942528735632,-0.0909090909090909,-0.0428571428571427,"-0-5%","LIVE CODE"
"Goods and Services","9089",NA,0.89,0.71,0.62,0.55,0.49,-0.202247191011236,-0.126760563380282,-0.112903225806452,-0.109090909090909,"-10-20%","LIVE CODE"
"Goods and Services","9093",NA,1,0.84,0.74,0.68,0.63,-0.16,-0.119047619047619,-0.081081081081081,-0.073529411764706,"-10-20%","LIVE CODE"
"Goods and Services","9101",NA,2.24,1.8,1.61,1.69,1.66,-0.196428571428572,-0.105555555555556,0.0496894409937887,-0.0177514792899408,"-0-5%","LIVE CODE"
"Goods and Services","9170",NA,5.88,5.19,4.34,4.38,4.27,-0.11734693877551,-0.163776493256262,0.00921658986175111,-0.0251141552511416,"-0-5%","LIVE CODE"
"Goods and Services","9220",NA,4.05,3.59,3.09,3.04,2.77,-0.11358024691358,-0.139275766016713,-0.0161812297734627,-0.0888157894736842,"-10-20%","LIVE CODE"
"Goods and Services","9410",NA,2.04,1.72,1.53,1.39,1.36,-0.156862745098039,-0.11046511627907,-0.0915032679738563,-0.0215827338129495,"-0-5%","LIVE CODE"
"Goods and Services","9516",NA,2.92,2.13,1.71,1.49,1.38,-0.270547945205479,-0.197183098591549,-0.128654970760234,-0.0738255033557048,"-10-20%","LIVE CODE"
"Goods and Services","9519",NA,2.9,2.25,1.95,2.13,2.11,-0.224137931034483,-0.133333333333333,0.0923076923076922,-0.00938967136150237,"-0-5%","LIVE CODE"
"Goods and Services","9586",NA,0.35,0.28,0.24,0.24,0.23,-0.2,-0.142857142857143,0,-0.0416666666666666,"-0-5%","LIVE CODE"
"Goods and Services","9620",NA,0.82,0.74,0.72,0.72,0.78,-0.0975609756097561,-0.0270270270270271,0,0.0833333333333335,"5-10%","LIVE CODE"
"Manufacturing","0059","D",0.26,0.22,0.2,0.19,0.18,-0.153846153846154,-0.0909090909090908,-0.05,-0.0526315789473685,"-10-20%","LIVE CODE"
"Manufacturing","0065","D",0.06,0.05,0.05,0.05,0.05,-0.166666666666667,0,0,0,"NO CHANGE","LIVE CODE"
"Manufacturing","0066","D",0.06,0.05,0.05,0.05,0.05,-0.166666666666667,0,0,0,"NO CHANGE","LIVE CODE"
"Manufacturing","0067","D",0.06,0.05,0.05,0.05,0.05,-0.166666666666667,0,0,0,"NO CHANGE","LIVE CODE"
"Manufacturing","0771","N",0.27,0.25,0.23,0.22,0.21,-0.0740740740740742,-0.08,-0.0434782608695653,-0.0454545454545455,"-0-5%","LIVE CODE"
"Manufacturing","1430",NA,3.53,2.92,2.64,2.44,2.51,-0.172804532577904,-0.095890410958904,-0.0757575757575758,0.0286885245901638,"0-5%","LIVE CODE"
"Manufacturing","1438",NA,2.65,2.59,2.51,2.55,2.44,-0.0226415094339623,-0.0308880308880309,0.0159362549800797,-0.0431372549019607,"-0-5%","LIVE CODE"
"Manufacturing","1452",NA,1.6,1.31,1.25,1.23,1.21,-0.18125,-0.0458015267175573,-0.016,-0.016260162601626,"-0-5%","LIVE CODE"
"Manufacturing","1463",NA,5.13,4.91,4.77,4.87,4.66,-0.0428849902534113,-0.0285132382892058,0.0209643605870022,-0.0431211498973306,"-0-5%","LIVE CODE"
"Manufacturing","1472",NA,1.58,1.39,1.32,1.31,1.31,-0.120253164556962,-0.0503597122302157,-0.00757575757575757,0,"NO CHANGE","LIVE CODE"
"Manufacturing","1642",NA,1.66,1.31,1.14,1.13,1.19,-0.210843373493976,-0.129770992366412,-0.00877192982456143,0.0530973451327434,"5-10%","LIVE CODE"
"Manufacturing","1699",NA,2.27,1.83,1.51,1.32,1.21,-0.193832599118943,-0.174863387978142,-0.125827814569536,-0.0833333333333334,"-10-20%","LIVE CODE"
"Manufacturing","1701",NA,2.55,2.03,1.82,1.68,1.42,-0.203921568627451,-0.103448275862069,-0.076923076923077,-0.154761904761905,"-10-20%","LIVE CODE"
"Manufacturing","1741","DX",2.65,NA,NA,NA,NA,NA,NA,NA,NA,"ERROR","ANCIENT CODE"
"Manufacturing","1747",NA,1.23,1.08,1.11,1.03,0.99,-0.121951219512195,0.0277777777777779,-0.0720720720720721,-0.0388349514563107,"-0-5%","LIVE CODE"
"Manufacturing","1748",NA,2.92,2.53,2.28,2.28,2.28,-0.133561643835617,-0.0988142292490118,0,0,"NO CHANGE","LIVE CODE"
"Manufacturing","1803","D",5.13,4.28,3.84,3.72,3.81,-0.165692007797271,-0.102803738317757,-0.0312499999999999,0.0241935483870968,"0-5%","LIVE CODE"
"Manufacturing","1853","X",1.61,NA,NA,NA,NA,NA,NA,NA,NA,"ERROR","ANCIENT CODE"
"Manufacturing","1924",NA,1.98,1.75,1.58,1.52,1.44,-0.116161616161616,-0.0971428571428571,-0.0379746835443038,-0.0526315789473685,"-10-20%","LIVE CODE"
"Manufacturing","1925",NA,2.1,1.75,1.97,2.14,2.06,-0.166666666666667,0.125714285714286,0.086294416243655,-0.0373831775700935,"-0-5%","LIVE CODE"
"Manufacturing","2002",NA,1.51,1.45,1.41,1.4,1.55,-0.0397350993377483,-0.0275862068965518,-0.00709219858156029,0.107142857142857,"10-20%","LIVE CODE"
"Manufacturing","2003",NA,2.31,1.95,1.63,1.41,1.38,-0.155844155844156,-0.164102564102564,-0.134969325153374,-0.0212765957446809,"-0-5%","LIVE CODE"
"Manufacturing","2014",NA,3.63,3.03,2.7,2.63,2.61,-0.165289256198347,-0.108910891089109,-0.025925925925926,-0.00760456273764254,"-0-5%","LIVE CODE"
"Manufacturing","2016",NA,1.66,1.57,1.44,1.33,1.22,-0.0542168674698794,-0.0828025477707007,-0.0763888888888888,-0.0827067669172933,"-10-20%","LIVE CODE"
"Manufacturing","2021",NA,1.28,1.19,1.25,1.41,1.54,-0.0703125000000001,0.0504201680672269,0.128,0.0921985815602837,"5-10%","LIVE CODE"
"Manufacturing","2039",NA,1.43,1.35,1.29,1.27,1.21,-0.0559440559440558,-0.0444444444444445,-0.0155038759689923,-0.047244094488189,"-0-5%","LIVE CODE"
"Manufacturing","2041",NA,1.69,1.56,1.4,1.31,1.27,-0.0769230769230769,-0.102564102564103,-0.0642857142857142,-0.0305343511450382,"-0-5%","LIVE CODE"
"Manufacturing","2065",NA,1.88,1.5,1.26,1.15,1.14,-0.202127659574468,-0.16,-0.0873015873015873,-0.0086956521739131,"-0-5%","LIVE CODE"
"Manufacturing","2070",NA,3.28,2.97,2.81,2.75,2.72,-0.0945121951219511,-0.053872053872054,-0.0213523131672598,-0.0109090909090909,"-0-5%","LIVE CODE"
"Manufacturing","2081",NA,1.85,1.68,1.59,1.78,1.75,-0.091891891891892,-0.0535714285714285,0.119496855345912,-0.0168539325842697,"-0-5%","LIVE CODE"
"Manufacturing","2089",NA,1.64,1.54,1.54,1.34,1.21,-0.0609756097560975,0,-0.12987012987013,-0.0970149253731344,"-10-20%","LIVE CODE"
"Manufacturing","2095",NA,2.35,2.01,1.95,1.96,1.82,-0.14468085106383,-0.0298507462686566,0.00512820512820511,-0.0714285714285714,"-10-20%","LIVE CODE"
"Manufacturing","2105",NA,2.55,2.14,1.93,1.93,1.93,-0.16078431372549,-0.0981308411214954,0,0,"NO CHANGE","LIVE CODE"
"Manufacturing","2110",NA,1.46,1.19,1.01,0.94,1.05,-0.184931506849315,-0.151260504201681,-0.0693069306930694,0.117021276595745,"10-20%","LIVE CODE"
"Manufacturing","2111",NA,2,1.55,1.3,1.2,1.1,-0.225,-0.161290322580645,-0.076923076923077,-0.0833333333333333,"-10-20%","LIVE CODE"
"Manufacturing","2112",NA,2.29,2.14,2.02,1.93,2.01,-0.0655021834061135,-0.0560747663551402,-0.0445544554455446,0.0414507772020725,"0-5%","LIVE CODE"
"Manufacturing","2114",NA,1.82,1.61,1.43,1.34,1.22,-0.115384615384615,-0.111801242236025,-0.0629370629370628,-0.0895522388059702,"-10-20%","LIVE CODE"
"Manufacturing","2121",NA,0.94,0.77,0.73,0.76,0.73,-0.180851063829787,-0.051948051948052,0.0410958904109588,-0.0394736842105263,"-0-5%","LIVE CODE"
"Manufacturing","2130",NA,1.36,1.18,1.06,1.06,1.1,-0.132352941176471,-0.101694915254237,0,0.0377358490566038,"0-5%","LIVE CODE"
"Manufacturing","2131",NA,1.75,1.35,1.12,0.98,0.87,-0.228571428571429,-0.17037037037037,-0.125,-0.112244897959184,"-10-20%","LIVE CODE"
"Manufacturing","2143",NA,1.46,1.31,1.25,1.35,1.33,-0.102739726027397,-0.0458015267175573,0.0800000000000001,-0.0148148148148148,"-0-5%","LIVE CODE"
"Manufacturing","2157",NA,2.46,2.15,2.03,1.85,1.77,-0.126016260162602,-0.0558139534883721,-0.0886699507389161,-0.0432432432432432,"-0-5%","LIVE CODE"
"Manufacturing","2172",NA,1.04,0.95,0.81,0.82,0.83,-0.0865384615384616,-0.147368421052631,0.0123456790123455,0.0121951219512195,"0-5%","LIVE CODE"
"Manufacturing","2174",NA,2.09,1.72,1.55,1.52,1.54,-0.177033492822966,-0.0988372093023255,-0.0193548387096775,0.013157894736842,"0-5%","LIVE CODE"
"Manufacturing","2211",NA,5.42,4.06,3.78,3.75,3.55,-0.250922509225092,-0.0689655172413792,-0.00793650793650791,-0.0533333333333333,"-10-20%","LIVE CODE"
"Manufacturing","2220",NA,1.42,1.24,1.13,1.19,1.27,-0.126760563380282,-0.0887096774193549,0.0530973451327434,0.0672268907563025,"5-10%","LIVE CODE"
"Manufacturing","2286",NA,1.02,0.9,1.04,NA,NA,-0.117647058823529,0.155555555555556,NA,NA,"ERROR","ANCIENT CODE"
"Manufacturing","2288",NA,3.06,2.42,2.04,1.86,1.94,-0.209150326797386,-0.15702479338843,-0.0882352941176471,0.043010752688172,"0-5%","LIVE CODE"
"Manufacturing","2302",NA,1.18,1.01,0.88,0.89,0.94,-0.144067796610169,-0.128712871287129,0.0113636363636365,0.0561797752808988,"5-10%","LIVE CODE"
"Manufacturing","2305",NA,1.68,1.34,1.25,1.18,1.22,-0.202380952380952,-0.0671641791044777,-0.056,0.0338983050847459,"0-5%","LIVE CODE"
"Manufacturing","2361",NA,1.44,1.16,1.03,0.91,0.85,-0.194444444444444,-0.112068965517241,-0.116504854368932,-0.065934065934066,"-10-20%","LIVE CODE"
"Manufacturing","2362",NA,1.31,1.17,1.14,1.2,1.29,-0.106870229007634,-0.0256410256410257,0.0526315789473684,0.0750000000000002,"5-10%","LIVE CODE"
"Manufacturing","2380",NA,1.47,1.23,1.07,0.98,0.96,-0.163265306122449,-0.130081300813008,-0.0841121495327104,-0.0204081632653061,"-0-5%","LIVE CODE"
"Manufacturing","2388",NA,1.13,0.96,0.91,0.84,0.73,-0.150442477876106,-0.0520833333333333,-0.076923076923077,-0.130952380952381,"-10-20%","LIVE CODE"
"Manufacturing","2402",NA,2.53,1.97,1.81,1.61,1.42,-0.221343873517787,-0.081218274111675,-0.110497237569061,-0.118012422360249,"-10-20%","LIVE CODE"
"Manufacturing","2413",NA,1.88,1.6,1.57,1.5,1.33,-0.148936170212766,-0.01875,-0.0445859872611465,-0.113333333333333,"-10-20%","LIVE CODE"
"Manufacturing","2416",NA,1.47,1.21,1.11,1.1,1.19,-0.17687074829932,-0.0826446280991735,-0.00900900900900903,0.0818181818181818,"5-10%","LIVE CODE"
"Manufacturing","2417",NA,0.88,0.76,0.68,0.78,0.83,-0.136363636363636,-0.105263157894737,0.147058823529412,0.0641025641025641,"5-10%","LIVE CODE"
"Manufacturing","2501",NA,1.52,1.24,1.13,1.11,1.11,-0.184210526315789,-0.0887096774193549,-0.0176991150442476,0,"NO CHANGE","LIVE CODE"
"Manufacturing","2503",NA,0.88,0.81,0.69,0.62,0.59,-0.0795454545454545,-0.148148148148148,-0.101449275362319,-0.0483870967741936,"-0-5%","LIVE CODE"
"Manufacturing","2570",NA,2.43,2.26,2.02,2.03,1.97,-0.0699588477366256,-0.106194690265487,0.00495049504950495,-0.0295566502463054,"-0-5%","LIVE CODE"
"Manufacturing","2585",NA,2.5,2.09,1.86,1.68,1.68,-0.164,-0.110047846889952,-0.0967741935483872,0,"NO CHANGE","LIVE CODE"
"Manufacturing","2586",NA,1.95,1.72,1.52,1.53,1.45,-0.117948717948718,-0.116279069767442,0.00657894736842102,-0.0522875816993464,"-10-20%","LIVE CODE"
"Manufacturing","2589",NA,1.6,1.3,1.24,1.15,1.14,-0.1875,-0.0461538461538462,-0.0725806451612904,-0.0086956521739131,"-0-5%","LIVE CODE"
"Manufacturing","2600",NA,2.62,2.29,2.08,2.13,2.25,-0.125954198473282,-0.0917030567685589,0.0240384615384615,0.0563380281690142,"5-10%","LIVE CODE"
"Manufacturing","2623",NA,4.64,3.96,3.5,3.24,2.97,-0.146551724137931,-0.116161616161616,-0.0742857142857142,-0.0833333333333334,"-10-20%","LIVE CODE"
"Manufacturing","2651",NA,0.91,0.94,0.91,0.9,0.83,0.0329670329670328,-0.0319148936170212,-0.0109890109890109,-0.0777777777777778,"-10-20%","LIVE CODE"
"Manufacturing","2660",NA,1.39,1.23,1.25,1.21,1.19,-0.115107913669065,0.0162601626016261,-0.032,-0.0165289256198348,"-0-5%","LIVE CODE"
"Manufacturing","2670",NA,1.01,0.83,1.07,NA,NA,-0.178217821782178,0.289156626506024,NA,NA,"ERROR","ANCIENT CODE"
"Manufacturing","2683",NA,1.06,1.01,1.04,NA,NA,-0.0471698113207547,0.0297029702970297,NA,NA,"ERROR","ANCIENT CODE"
"Manufacturing","2688",NA,2.12,1.72,1.41,1.26,1.21,-0.188679245283019,-0.180232558139535,-0.106382978723404,-0.0396825396825398,"-0-5%","LIVE CODE"
"Manufacturing","2710",NA,5.93,4.84,4.67,4.4,4.18,-0.183811129848229,-0.0351239669421487,-0.057815845824411,-0.0500000000000002,"-10-20%","LIVE CODE"
"Manufacturing","2714",NA,2.89,2.29,2.06,1.85,1.78,-0.207612456747405,-0.100436681222707,-0.101941747572815,-0.0378378378378379,"-0-5%","LIVE CODE"
"Manufacturing","2731",NA,2.77,2.53,2.35,2.18,2,-0.0866425992779785,-0.0711462450592885,-0.0723404255319149,-0.0825688073394496,"-10-20%","LIVE CODE"
"Manufacturing","2735",NA,2.69,2.25,1.97,1.95,2.07,-0.163568773234201,-0.124444444444444,-0.0101522842639594,0.0615384615384615,"5-10%","LIVE CODE"
"Manufacturing","2759",NA,3.76,3.29,2.85,2.81,2.65,-0.125,-0.133738601823708,-0.0140350877192983,-0.0569395017793595,"-10-20%","LIVE CODE"
"Manufacturing","2790",NA,1.15,0.96,0.87,0.87,0.93,-0.165217391304348,-0.09375,0,0.0689655172413794,"5-10%","LIVE CODE"
"Manufacturing","2797",NA,3.63,2.96,2.73,2.62,2.41,-0.184573002754821,-0.0777027027027027,-0.0402930402930403,-0.0801526717557252,"-10-20%","LIVE CODE"
"Manufacturing","2802",NA,3.57,2.96,2.81,2.63,2.45,-0.170868347338936,-0.0506756756756757,-0.0640569395017794,-0.0684410646387832,"-10-20%","LIVE CODE"
"Manufacturing","2835",NA,1.74,1.43,1.19,1.16,1.18,-0.17816091954023,-0.167832167832168,-0.0252100840336135,0.0172413793103448,"0-5%","LIVE CODE"
"Manufacturing","2836",NA,1.3,1.25,1.24,1.35,1.42,-0.0384615384615385,-0.00800000000000001,0.088709677419355,0.0518518518518518,"5-10%","LIVE CODE"
"Manufacturing","2841",NA,2.58,2.14,2.1,2.08,2.03,-0.170542635658915,-0.0186915887850467,-0.00952380952380949,-0.0240384615384617,"-0-5%","LIVE CODE"
"Manufacturing","2881",NA,2.74,2.16,1.8,1.59,1.47,-0.211678832116788,-0.166666666666667,-0.116666666666667,-0.0754716981132076,"-10-20%","LIVE CODE"
"Manufacturing","2883",NA,2.71,2.17,1.92,1.81,1.85,-0.199261992619926,-0.115207373271889,-0.0572916666666666,0.0220994475138121,"0-5%","LIVE CODE"
"Manufacturing","2915",NA,1.75,1.77,1.81,1.69,1.5,0.0114285714285713,0.0225988700564972,-0.0662983425414365,-0.112426035502959,"-10-20%","LIVE CODE"
"Manufacturing","2916",NA,2.57,2.27,2.08,1.9,1.99,-0.116731517509728,-0.0837004405286343,-0.0865384615384616,0.0473684210526317,"0-5%","LIVE CODE"
"Manufacturing","2923",NA,1.56,1.28,1.1,0.96,0.84,-0.17948717948718,-0.140625,-0.127272727272727,-0.125,"-10-20%","LIVE CODE"
"Manufacturing","2960",NA,2.6,2.38,2.32,2.27,2.18,-0.0846153846153846,-0.0252100840336135,-0.0215517241379309,-0.039647577092511,"-0-5%","LIVE CODE"
"Manufacturing","3004",NA,0.92,0.79,0.72,0.71,0.71,-0.141304347826087,-0.0886075949367089,-0.013888888888889,0,"NO CHANGE","LIVE CODE"
"Manufacturing","3018",NA,2.8,2.3,1.79,1.54,1.49,-0.178571428571429,-0.221739130434783,-0.139664804469274,-0.0324675324675325,"-0-5%","LIVE CODE"
"Manufacturing","3022",NA,4.31,3.11,2.47,2.21,2,-0.278422273781903,-0.205787781350482,-0.105263157894737,-0.0950226244343891,"-10-20%","LIVE CODE"
"Manufacturing","3027",NA,1.57,1.31,1.18,1.04,0.99,-0.165605095541401,-0.0992366412213741,-0.11864406779661,-0.0480769230769231,"-0-5%","LIVE CODE"
"Manufacturing","3028",NA,1.73,1.56,1.5,1.4,1.4,-0.0982658959537572,-0.0384615384615385,-0.0666666666666668,0,"NO CHANGE","LIVE CODE"
"Manufacturing","3030",NA,4.07,3.39,3.21,2.83,2.57,-0.167076167076167,-0.0530973451327434,-0.118380062305296,-0.0918727915194347,"-10-20%","LIVE CODE"
"Manufacturing","3040",NA,4.19,3.31,2.84,2.47,2.27,-0.210023866348449,-0.141993957703928,-0.130281690140845,-0.0809716599190284,"-10-20%","LIVE CODE"
"Manufacturing","3041",NA,2.83,2.19,1.92,1.84,1.69,-0.226148409893993,-0.123287671232877,-0.0416666666666666,-0.0815217391304348,"-10-20%","LIVE CODE"
"Manufacturing","3042",NA,2.07,1.82,1.82,1.89,1.85,-0.120772946859903,0,0.0384615384615383,-0.0211640211640211,"-0-5%","LIVE CODE"
"Manufacturing","3064",NA,3.25,2.48,2.03,1.86,1.73,-0.236923076923077,-0.181451612903226,-0.0837438423645319,-0.0698924731182796,"-10-20%","LIVE CODE"
"Manufacturing","3076",NA,1.88,1.66,1.59,1.59,1.62,-0.117021276595745,-0.042168674698795,0,0.0188679245283019,"0-5%","LIVE CODE"
"Manufacturing","3081","D",2.57,2.26,2.23,2.05,1.85,-0.120622568093385,-0.0132743362831858,-0.0807174887892378,-0.097560975609756,"-10-20%","LIVE CODE"
"Manufacturing","3082","D",2.66,2.37,2.28,2.1,1.91,-0.109022556390977,-0.0379746835443039,-0.0789473684210525,-0.0904761904761906,"-10-20%","LIVE CODE"
"Manufacturing","3085","D",2.65,2.33,2.22,2.38,2.55,-0.120754716981132,-0.0472103004291845,0.072072072072072,0.0714285714285714,"5-10%","LIVE CODE"
"Manufacturing","3110",NA,2.74,2.38,2.25,2.12,1.97,-0.131386861313869,-0.0546218487394957,-0.0577777777777777,-0.0707547169811321,"-10-20%","LIVE CODE"
"Manufacturing","3111",NA,1.92,1.65,1.45,1.35,1.33,-0.140625,-0.121212121212121,-0.0689655172413792,-0.0148148148148148,"-0-5%","LIVE CODE"
"Manufacturing","3113",NA,1.25,1.08,0.98,0.92,0.94,-0.136,-0.0925925925925927,-0.0612244897959183,0.0217391304347825,"0-5%","LIVE CODE"
"Manufacturing","3114",NA,1.49,1.51,1.52,1.46,1.37,0.0134228187919463,0.00662251655629142,-0.0394736842105263,-0.0616438356164383,"-10-20%","LIVE CODE"
"Manufacturing","3118",NA,1.44,1.21,1.05,0.97,0.88,-0.159722222222222,-0.132231404958678,-0.0761904761904763,-0.0927835051546392,"-10-20%","LIVE CODE"
"Manufacturing","3119",NA,0.5,0.41,0.36,0.39,0.4,-0.18,-0.121951219512195,0.0833333333333335,0.0256410256410258,"0-5%","LIVE CODE"
"Manufacturing","3122",NA,1.35,1.17,1.15,1.1,1.08,-0.133333333333333,-0.0170940170940171,-0.0434782608695651,-0.0181818181818182,"-0-5%","LIVE CODE"
"Manufacturing","3126",NA,1.16,0.93,0.84,0.79,0.78,-0.198275862068965,-0.0967741935483872,-0.0595238095238094,-0.0126582278481012,"-0-5%","LIVE CODE"
"Manufacturing","3131",NA,1.17,1.04,0.98,0.86,0.83,-0.111111111111111,-0.0576923076923077,-0.122448979591837,-0.0348837209302326,"-0-5%","LIVE CODE"
"Manufacturing","3132",NA,1.77,1.56,1.41,1.38,1.33,-0.11864406779661,-0.0961538461538463,-0.0212765957446809,-0.0362318840579708,"-0-5%","LIVE CODE"
"Manufacturing","3145",NA,1.15,1.07,1.03,1.01,0.94,-0.0695652173913042,-0.0373831775700935,-0.0194174757281553,-0.0693069306930694,"-10-20%","LIVE CODE"
"Manufacturing","3146",NA,1.58,1.35,1.25,1.1,0.94,-0.145569620253165,-0.0740740740740742,-0.12,-0.145454545454546,"-10-20%","LIVE CODE"
"Manufacturing","3169",NA,1.86,1.71,1.59,1.52,1.41,-0.0806451612903226,-0.0701754385964911,-0.0440251572327044,-0.0723684210526316,"-10-20%","LIVE CODE"
"Manufacturing","3179",NA,1.1,0.97,0.88,0.82,0.82,-0.118181818181818,-0.0927835051546392,-0.0681818181818182,0,"NO CHANGE","LIVE CODE"
"Manufacturing","3180",NA,1.57,1.29,1.1,0.97,0.91,-0.178343949044586,-0.147286821705426,-0.118181818181818,-0.0618556701030927,"-10-20%","LIVE CODE"
"Manufacturing","3188",NA,1.2,1.14,0.97,0.88,0.82,-0.05,-0.149122807017544,-0.0927835051546392,-0.0681818181818182,"-10-20%","LIVE CODE"
"Manufacturing","3220",NA,1.27,1.15,1.09,1.1,1.19,-0.094488188976378,-0.0521739130434781,0.00917431192660545,0.0818181818181818,"5-10%","LIVE CODE"
"Manufacturing","3224",NA,2.04,1.71,1.56,1.58,1.66,-0.161764705882353,-0.087719298245614,0.0128205128205128,0.0506329113924049,"5-10%","LIVE CODE"
"Manufacturing","3227",NA,2.19,1.81,1.64,1.47,1.41,-0.17351598173516,-0.0939226519337018,-0.103658536585366,-0.0408163265306123,"-0-5%","LIVE CODE"
"Manufacturing","3240",NA,2.38,2.11,1.96,NA,NA,-0.113445378151261,-0.0710900473933649,NA,NA,"ERROR","ANCIENT CODE"
"Manufacturing","3241",NA,2.58,2.21,1.91,1.69,1.52,-0.143410852713178,-0.135746606334842,-0.115183246073298,-0.100591715976331,"-10-20%","LIVE CODE"
"Manufacturing","3255",NA,1.66,1.38,1.26,1.21,1.2,-0.168674698795181,-0.0869565217391304,-0.0396825396825398,-0.00826446280991733,"-0-5%","LIVE CODE"
"Manufacturing","3257",NA,2.19,1.78,1.57,1.46,1.38,-0.187214611872146,-0.117977528089888,-0.070063694267516,-0.0547945205479452,"-10-20%","LIVE CODE"
"Manufacturing","3270",NA,1.57,1.44,1.41,1.34,1.18,-0.0828025477707007,-0.0208333333333334,-0.0496453900709218,-0.119402985074627,"-10-20%","LIVE CODE"
"Manufacturing","3300",NA,2.25,2.03,1.86,1.9,2.05,-0.0977777777777779,-0.0837438423645319,0.021505376344086,0.0789473684210527,"5-10%","LIVE CODE"
"Manufacturing","3303",NA,2.03,1.58,1.3,1.14,1.06,-0.22167487684729,-0.177215189873418,-0.123076923076923,-0.0701754385964911,"-10-20%","LIVE CODE"
"Manufacturing","3307",NA,2.5,2.15,1.82,1.61,1.46,-0.14,-0.153488372093023,-0.115384615384615,-0.0931677018633541,"-10-20%","LIVE CODE"
"Manufacturing","3315",NA,2.73,2.14,1.93,1.74,1.58,-0.216117216117216,-0.0981308411214954,-0.0984455958549223,-0.0919540229885057,"-10-20%","LIVE CODE"
"Manufacturing","3334",NA,2.13,1.77,1.63,1.64,1.67,-0.169014084507042,-0.0790960451977402,0.00613496932515334,0.0182926829268293,"0-5%","LIVE CODE"
"Manufacturing","3336",NA,1.68,1.5,1.3,1.21,1.11,-0.107142857142857,-0.133333333333333,-0.0692307692307693,-0.0826446280991735,"-10-20%","LIVE CODE"
"Manufacturing","3372",NA,2.17,1.96,1.73,1.6,1.5,-0.0967741935483871,-0.11734693877551,-0.0751445086705201,-0.0625,"-10-20%","LIVE CODE"
"Manufacturing","3373",NA,2.66,2.24,1.99,1.85,1.77,-0.157894736842105,-0.111607142857143,-0.0703517587939698,-0.0432432432432432,"-0-5%","LIVE CODE"
"Manufacturing","3383",NA,0.9,0.81,0.77,0.75,0.7,-0.1,-0.0493827160493827,-0.025974025974026,-0.0666666666666668,"-10-20%","LIVE CODE"
"Manufacturing","3385",NA,0.55,0.45,0.42,0.45,0.46,-0.181818181818182,-0.0666666666666668,0.0714285714285714,0.0222222222222221,"0-5%","LIVE CODE"
"Manufacturing","3400",NA,2.07,1.79,1.67,1.59,1.49,-0.135265700483092,-0.0670391061452514,-0.0479041916167664,-0.0628930817610064,"-10-20%","LIVE CODE"
"Manufacturing","3507",NA,1.39,1.3,1.22,1.12,1.04,-0.0647482014388489,-0.0615384615384615,-0.081967213114754,-0.0714285714285715,"-10-20%","LIVE CODE"
"Manufacturing","3515",NA,1.51,1.23,1.15,1.06,0.96,-0.185430463576159,-0.0650406504065041,-0.0782608695652173,-0.0943396226415095,"-10-20%","LIVE CODE"
"Manufacturing","3548",NA,0.88,0.7,0.61,0.6,0.66,-0.204545454545455,-0.128571428571429,-0.0163934426229508,0.1,"10-20%","LIVE CODE"
"Manufacturing","3559",NA,1.38,1.21,1.22,1.18,1.15,-0.123188405797101,0.00826446280991733,-0.0327868852459017,-0.0254237288135594,"-0-5%","LIVE CODE"
"Manufacturing","3574",NA,0.5,0.52,0.5,0.47,0.55,0.04,-0.0384615384615385,-0.0600000000000001,0.170212765957447,"10-20%","LIVE CODE"
"Manufacturing","3581",NA,0.62,0.58,0.63,0.66,0.63,-0.0645161290322581,0.0862068965517242,0.0476190476190477,-0.0454545454545455,"-0-5%","LIVE CODE"
"Manufacturing","3612",NA,1.13,0.95,0.87,0.86,0.85,-0.15929203539823,-0.0842105263157894,-0.0114942528735632,-0.0116279069767442,"-0-5%","LIVE CODE"
"Manufacturing","3620",NA,3.17,2.37,1.99,1.91,1.71,-0.252365930599369,-0.160337552742616,-0.0402010050251257,-0.104712041884817,"-10-20%","LIVE CODE"
"Manufacturing","3629",NA,1.21,0.98,0.82,0.76,0.74,-0.190082644628099,-0.163265306122449,-0.073170731707317,-0.0263157894736842,"-0-5%","LIVE CODE"
"Manufacturing","3632",NA,1.91,1.57,1.32,1.27,1.1,-0.178010471204188,-0.159235668789809,-0.037878787878788,-0.133858267716535,"-10-20%","LIVE CODE"
"Manufacturing","3634",NA,1.05,0.92,0.81,0.76,0.69,-0.123809523809524,-0.119565217391304,-0.0617283950617284,-0.0921052631578948,"-10-20%","LIVE CODE"
"Manufacturing","3635",NA,1.64,1.34,1.2,0.98,0.83,-0.182926829268293,-0.104477611940299,-0.183333333333333,-0.153061224489796,"-10-20%","LIVE CODE"
"Manufacturing","3638",NA,1,0.91,0.91,0.9,0.88,-0.09,0,-0.0109890109890109,-0.0222222222222223,"-0-5%","LIVE CODE"
"Manufacturing","3642",NA,0.91,0.78,0.68,0.64,0.71,-0.142857142857143,-0.128205128205128,-0.0588235294117647,0.109375,"10-20%","LIVE CODE"
"Manufacturing","3643",NA,1.01,0.91,0.86,0.85,0.84,-0.099009900990099,-0.054945054945055,-0.0116279069767442,-0.0117647058823529,"-0-5%","LIVE CODE"
"Manufacturing","3647",NA,1.18,1.16,1.14,1.2,1.2,-0.0169491525423729,-0.0172413793103449,0.0526315789473684,0,"NO CHANGE","LIVE CODE"
"Manufacturing","3648",NA,0.8,0.74,0.74,0.72,0.7,-0.0750000000000001,0,-0.0270270270270271,-0.0277777777777778,"-0-5%","LIVE CODE"
"Manufacturing","3681",NA,0.55,0.48,0.42,0.4,0.4,-0.127272727272727,-0.125,-0.0476190476190476,0,"NO CHANGE","LIVE CODE"
"Manufacturing","3685",NA,0.76,0.66,0.59,0.52,0.5,-0.131578947368421,-0.106060606060606,-0.11864406779661,-0.0384615384615385,"-0-5%","LIVE CODE"
"Manufacturing","3803",NA,1.17,1.03,1.1,1.11,1.16,-0.11965811965812,0.0679611650485437,0.00909090909090904,0.0450450450450448,"0-5%","LIVE CODE"
"Manufacturing","3807",NA,1.35,1.19,1.14,1.11,1.03,-0.118518518518519,-0.0420168067226891,-0.0263157894736841,-0.0720720720720721,"-10-20%","LIVE CODE"
"Manufacturing","3808",NA,3.16,2.8,2.55,2.47,2.34,-0.113924050632911,-0.0892857142857143,-0.0313725490196077,-0.0526315789473686,"-10-20%","LIVE CODE"
"Manufacturing","3822","X",2.03,1.75,1.69,1.65,1.77,-0.137931034482759,-0.0342857142857144,-0.0236686390532544,0.0727272727272728,"5-10%","LIVE CODE"
"Manufacturing","3824","X",2.42,2.21,2.03,2.05,1.99,-0.0867768595041322,-0.081447963800905,0.00985221674876846,-0.0292682926829267,"-0-5%","LIVE CODE"
"Manufacturing","3826",NA,0.5,0.49,0.44,0.4,0.37,-0.02,-0.102040816326531,-0.0909090909090908,-0.0750000000000001,"-10-20%","LIVE CODE"
"Manufacturing","3827",NA,1.05,1.01,0.97,0.91,0.84,-0.0380952380952382,-0.0396039603960396,-0.0618556701030927,-0.076923076923077,"-10-20%","LIVE CODE"
"Manufacturing","3830",NA,0.78,0.71,0.68,0.66,0.68,-0.0897435897435899,-0.0422535211267604,-0.0294117647058824,0.0303030303030303,"0-5%","LIVE CODE"
"Manufacturing","3851",NA,1.82,1.46,1.24,1.1,1,-0.197802197802198,-0.150684931506849,-0.112903225806452,-0.0909090909090909,"-10-20%","LIVE CODE"
"Manufacturing","3865",NA,1.49,1.2,1.04,1.15,1.28,-0.194630872483222,-0.133333333333333,0.105769230769231,0.11304347826087,"10-20%","LIVE CODE"
"Manufacturing","3881",NA,2.64,2.08,1.93,1.77,1.64,-0.212121212121212,-0.0721153846153847,-0.082901554404145,-0.0734463276836159,"-10-20%","LIVE CODE"
"Manufacturing","4021",NA,3.63,2.99,2.5,2.33,2,-0.176308539944903,-0.163879598662207,-0.0679999999999999,-0.141630901287554,"-10-20%","LIVE CODE"
"Manufacturing","4024","D",1.71,1.58,1.7,1.93,1.92,-0.0760233918128654,0.0759493670886076,0.135294117647059,-0.00518134715025909,"-0-5%","LIVE CODE"
"Manufacturing","4034",NA,3.84,3.47,3.21,3.14,2.94,-0.0963541666666666,-0.07492795389049,-0.0218068535825545,-0.0636942675159237,"-10-20%","LIVE CODE"
"Manufacturing","4036",NA,2.12,1.63,1.45,1.28,1.17,-0.231132075471698,-0.110429447852761,-0.117241379310345,-0.0859375000000001,"-10-20%","LIVE CODE"
"Manufacturing","4038",NA,1.98,1.56,1.4,1.33,1.27,-0.212121212121212,-0.102564102564103,-0.0499999999999999,-0.0451127819548872,"-0-5%","LIVE CODE"
"Manufacturing","4053","X",1.69,NA,NA,NA,NA,NA,NA,NA,NA,"ERROR","ANCIENT CODE"
"Manufacturing","4061","X",1.63,NA,NA,NA,NA,NA,NA,NA,NA,"ERROR","ANCIENT CODE"
"Manufacturing","4062",NA,1.89,1.62,1.54,1.47,1.35,-0.142857142857143,-0.0493827160493827,-0.0454545454545455,-0.0816326530612244,"-10-20%","LIVE CODE"
"Manufacturing","4101",NA,1.97,1.71,1.48,1.32,1.2,-0.131979695431472,-0.134502923976608,-0.108108108108108,-0.0909090909090909,"-10-20%","LIVE CODE"
"Manufacturing","4109",NA,0.31,0.27,0.25,0.24,0.23,-0.129032258064516,-0.0740740740740742,-0.04,-0.0416666666666666,"-0-5%","LIVE CODE"
"Manufacturing","4110",NA,0.54,0.46,0.47,0.46,0.43,-0.148148148148148,0.0217391304347825,-0.0212765957446808,-0.0652173913043479,"-10-20%","LIVE CODE"
"Manufacturing","4111",NA,0.79,0.71,0.78,0.82,0.83,-0.10126582278481,0.0985915492957747,0.0512820512820511,0.0121951219512195,"0-5%","LIVE CODE"
"Manufacturing","4114",NA,2.19,1.81,1.75,1.69,1.56,-0.17351598173516,-0.0331491712707183,-0.0342857142857144,-0.0769230769230769,"-10-20%","LIVE CODE"
"Manufacturing","4130",NA,2.37,2.02,1.8,1.66,1.54,-0.147679324894515,-0.108910891089109,-0.0777777777777778,-0.0722891566265059,"-10-20%","LIVE CODE"
"Manufacturing","4131",NA,3.69,3.5,3.58,3.67,3.51,-0.051490514905149,0.0228571428571429,0.0251396648044693,-0.0435967302452317,"-0-5%","LIVE CODE"
"Manufacturing","4133",NA,1.13,1.07,0.94,0.97,1,-0.0530973451327432,-0.121495327102804,0.0319148936170213,0.0309278350515465,"0-5%","LIVE CODE"
"Manufacturing","4149",NA,0.54,0.45,0.43,0.4,0.36,-0.166666666666667,-0.0444444444444445,-0.069767441860465,-0.1,"-10-20%","LIVE CODE"
"Manufacturing","4206",NA,1.58,1.35,1.24,1.25,1.27,-0.145569620253165,-0.0814814814814816,0.00806451612903225,0.016,"0-5%","LIVE CODE"
"Manufacturing","4207",NA,1.56,1.38,1.26,1.18,1.11,-0.115384615384616,-0.0869565217391304,-0.0634920634920636,-0.0593220338983049,"-10-20%","LIVE CODE"
"Manufacturing","4239",NA,1.58,1.29,1.18,1.15,1.19,-0.183544303797468,-0.0852713178294574,-0.0254237288135594,0.0347826086956522,"0-5%","LIVE CODE"
"Manufacturing","4240",NA,1.99,1.9,1.84,1.72,1.56,-0.0452261306532664,-0.0315789473684209,-0.0652173913043479,-0.0930232558139534,"-10-20%","LIVE CODE"
"Manufacturing","4243",NA,1.21,1.07,1.01,0.94,0.87,-0.115702479338843,-0.0560747663551402,-0.0693069306930694,-0.0744680851063829,"-10-20%","LIVE CODE"
"Manufacturing","4244",NA,1.31,1.25,1.14,1.12,1.08,-0.0458015267175573,-0.0880000000000001,-0.0175438596491226,-0.0357142857142857,"-0-5%","LIVE CODE"
"Manufacturing","4250",NA,1.39,1.07,0.92,0.87,0.86,-0.230215827338129,-0.14018691588785,-0.0543478260869565,-0.0114942528735632,"-0-5%","LIVE CODE"
"Manufacturing","4251",NA,1.53,1.39,1.29,1.28,1.4,-0.0915032679738563,-0.0719424460431654,-0.00775193798449614,0.09375,"5-10%","LIVE CODE"
"Manufacturing","4263",NA,2.05,1.55,1.38,1.28,1.4,-0.24390243902439,-0.109677419354839,-0.0724637681159419,0.09375,"5-10%","LIVE CODE"
"Manufacturing","4273",NA,1.85,1.57,1.49,1.39,1.31,-0.151351351351351,-0.0509554140127388,-0.0671140939597316,-0.0575539568345322,"-10-20%","LIVE CODE"
"Manufacturing","4279",NA,1.51,1.41,1.3,1.2,1.21,-0.0662251655629139,-0.078014184397163,-0.076923076923077,0.0083333333333333,"0-5%","LIVE CODE"
"Manufacturing","4283",NA,0.92,0.9,0.86,0.82,0.84,-0.0217391304347826,-0.0444444444444445,-0.0465116279069768,0.024390243902439,"0-5%","LIVE CODE"
"Manufacturing","4299",NA,1.09,0.98,0.92,0.87,0.86,-0.100917431192661,-0.0612244897959183,-0.0543478260869565,-0.0114942528735632,"-0-5%","LIVE CODE"
"Manufacturing","4304",NA,3.11,2.49,2.32,2.24,2.13,-0.19935691318328,-0.0682730923694781,-0.0344827586206895,-0.049107142857143,"-0-5%","LIVE CODE"
"Manufacturing","4307",NA,1.16,1.06,0.97,0.89,0.81,-0.086206896551724,-0.0849056603773586,-0.0824742268041236,-0.0898876404494382,"-10-20%","LIVE CODE"
"Manufacturing","4351",NA,0.96,0.88,0.82,0.83,0.86,-0.0833333333333333,-0.0681818181818182,0.0121951219512195,0.036144578313253,"0-5%","LIVE CODE"
"Manufacturing","4352",NA,0.99,0.83,0.81,0.78,0.76,-0.161616161616162,-0.0240963855421685,-0.0370370370370371,-0.0256410256410257,"-0-5%","LIVE CODE"
"Manufacturing","4360",NA,1.02,0.82,NA,NA,NA,-0.196078431372549,NA,NA,NA,"ERROR","ANCIENT CODE"
"Manufacturing","4410",NA,2.27,1.85,1.66,1.54,1.53,-0.185022026431718,-0.102702702702703,-0.0722891566265059,-0.00649350649350655,"-0-5%","LIVE CODE"
"Manufacturing","4420",NA,4.94,3.84,3.16,2.65,2.16,-0.222672064777328,-0.177083333333333,-0.161392405063291,-0.184905660377358,"-10-20%","LIVE CODE"
"Manufacturing","4431",NA,0.99,0.8,0.74,0.74,0.72,-0.191919191919192,-0.0750000000000001,0,-0.0270270270270271,"-0-5%","LIVE CODE"
"Manufacturing","4432",NA,0.69,0.57,0.5,0.47,0.46,-0.173913043478261,-0.12280701754386,-0.0600000000000001,-0.0212765957446808,"-0-5%","LIVE CODE"
"Manufacturing","4452",NA,1.65,1.38,1.24,1.14,1.14,-0.163636363636364,-0.101449275362319,-0.0806451612903226,0,"NO CHANGE","LIVE CODE"
"Manufacturing","4459",NA,1.74,1.57,1.37,1.34,1.31,-0.0977011494252873,-0.127388535031847,-0.0218978102189781,-0.0223880597014926,"-0-5%","LIVE CODE"
"Manufacturing","4470",NA,1.38,1.25,1.12,1.08,1.09,-0.0942028985507246,-0.104,-0.0357142857142857,0.0092592592592593,"0-5%","LIVE CODE"
"Manufacturing","4484",NA,1.62,1.46,1.3,1.23,1.26,-0.0987654320987655,-0.10958904109589,-0.0538461538461539,0.024390243902439,"0-5%","LIVE CODE"
"Manufacturing","4493",NA,1.58,1.37,1.26,1.23,1.2,-0.132911392405063,-0.0802919708029197,-0.0238095238095238,-0.024390243902439,"-0-5%","LIVE CODE"
"Manufacturing","4557",NA,1.49,1.25,1.19,1.11,1.15,-0.161073825503356,-0.048,-0.0672268907563024,0.0360360360360359,"0-5%","LIVE CODE"
"Manufacturing","4558",NA,0.89,0.84,0.88,0.92,0.92,-0.0561797752808989,0.0476190476190477,0.0454545454545454,0,"NO CHANGE","LIVE CODE"
"Manufacturing","4568",NA,1.42,1.16,1.03,0.94,0.93,-0.183098591549296,-0.112068965517241,-0.0873786407766991,-0.0106382978723403,"-0-5%","LIVE CODE"
"Manufacturing","4581",NA,0.52,0.51,0.51,0.52,0.51,-0.0192307692307693,0,0.0196078431372548,-0.0192307692307693,"-0-5%","LIVE CODE"
"Manufacturing","4583",NA,3.62,2.97,2.61,2.48,2.45,-0.179558011049724,-0.121212121212121,-0.0498084291187739,-0.0120967741935483,"-0-5%","LIVE CODE"
"Manufacturing","4611",NA,0.42,0.4,0.4,0.41,0.45,-0.0476190476190476,0,0.0249999999999999,0.0975609756097562,"5-10%","LIVE CODE"
"Manufacturing","4635",NA,1.92,1.74,1.71,1.72,1.73,-0.09375,-0.0172413793103449,0.00584795321637421,0.0058139534883721,"0-5%","LIVE CODE"
"Manufacturing","4653",NA,1.22,1.02,0.95,0.96,1.02,-0.163934426229508,-0.0686274509803922,0.0105263157894737,0.0625,"5-10%","LIVE CODE"
"Manufacturing","4665",NA,4.07,3.56,3.4,3.35,3.09,-0.125307125307125,-0.0449438202247191,-0.0147058823529411,-0.0776119402985075,"-10-20%","LIVE CODE"
"Manufacturing","4670",NA,4.51,3.7,NA,NA,NA,-0.17960088691796,NA,NA,NA,"ERROR","ANCIENT CODE"
"Manufacturing","4683",NA,2.44,1.99,1.78,1.7,1.52,-0.184426229508197,-0.105527638190955,-0.0449438202247191,-0.105882352941176,"-10-20%","LIVE CODE"
"Manufacturing","4686",NA,1.25,1.1,1.06,0.94,0.88,-0.12,-0.0363636363636364,-0.113207547169811,-0.0638297872340425,"-10-20%","LIVE CODE"
"Manufacturing","4692",NA,0.48,0.42,0.39,0.37,0.36,-0.125,-0.0714285714285714,-0.0512820512820513,-0.0270270270270271,"-0-5%","LIVE CODE"
"Manufacturing","4693",NA,0.7,0.57,0.51,0.46,0.45,-0.185714285714286,-0.105263157894737,-0.0980392156862745,-0.0217391304347826,"-0-5%","LIVE CODE"
"Manufacturing","4703",NA,1.14,0.91,0.81,0.76,0.7,-0.201754385964912,-0.10989010989011,-0.0617283950617284,-0.0789473684210527,"-10-20%","LIVE CODE"
"Manufacturing","4717",NA,1.35,1.14,1.05,1.03,0.97,-0.155555555555556,-0.0789473684210525,-0.0190476190476191,-0.0582524271844661,"-10-20%","LIVE CODE"
"Manufacturing","4720",NA,1.04,0.97,0.94,0.87,0.83,-0.0673076923076924,-0.0309278350515464,-0.0744680851063829,-0.0459770114942529,"-0-5%","LIVE CODE"
"Manufacturing","4740",NA,1.96,1.26,0.94,0.67,0.58,-0.357142857142857,-0.253968253968254,-0.287234042553191,-0.134328358208955,"-10-20%","LIVE CODE"
"Manufacturing","4741",NA,1.84,1.51,1.39,1.28,1.35,-0.179347826086957,-0.0794701986754968,-0.079136690647482,0.0546875,"5-10%","LIVE CODE"
"Manufacturing","4751",NA,1.27,1.03,0.97,1.09,1.31,-0.188976377952756,-0.0582524271844661,0.123711340206186,0.201834862385321,"+20%","LIVE CODE"
"Manufacturing","4771","N",1.52,1.41,1.3,1.23,1.17,-0.0723684210526316,-0.078014184397163,-0.0538461538461539,-0.0487804878048781,"-0-5%","LIVE CODE"
"Manufacturing","4777",NA,2.2,1.88,1.65,1.52,1.44,-0.145454545454546,-0.122340425531915,-0.0787878787878787,-0.0526315789473685,"-10-20%","LIVE CODE"
"Manufacturing","4825",NA,0.69,0.56,0.5,0.44,0.4,-0.188405797101449,-0.107142857142857,-0.12,-0.0909090909090908,"-10-20%","LIVE CODE"
"Manufacturing","4828",NA,1.21,1.07,0.97,0.97,0.95,-0.115702479338843,-0.0934579439252338,0,-0.020618556701031,"-0-5%","LIVE CODE"
"Manufacturing","4829",NA,0.86,0.72,0.68,0.69,0.71,-0.162790697674419,-0.0555555555555555,0.0147058823529411,0.0289855072463769,"0-5%","LIVE CODE"
"Manufacturing","4902",NA,2.05,1.58,1.26,1.14,1.08,-0.229268292682927,-0.20253164556962,-0.0952380952380953,-0.0526315789473683,"-10-20%","LIVE CODE"
"Manufacturing","4923",NA,0.56,0.49,0.48,0.46,0.44,-0.125,-0.0204081632653061,-0.0416666666666666,-0.0434782608695653,"-0-5%","LIVE CODE"
"Manufacturing","5951",NA,0.23,0.19,0.18,0.2,0.21,-0.173913043478261,-0.0526315789473685,0.111111111111111,0.0499999999999998,"0-5%","LIVE CODE"
"Manufacturing","6503",NA,1.3,1.18,1.13,1.2,1.23,-0.0923076923076924,-0.0423728813559322,0.0619469026548674,0.0250000000000001,"0-5%","LIVE CODE"
"Manufacturing","6504",NA,1.87,1.6,1.52,1.59,1.57,-0.144385026737968,-0.05,0.0460526315789473,-0.0125786163522013,"-0-5%","LIVE CODE"
"Manufacturing","8203",NA,4.45,3.64,3.33,3.23,3.4,-0.182022471910112,-0.0851648351648352,-0.03003003003003,0.0526315789473684,"5-10%","LIVE CODE"
"Manufacturing","9501",NA,2.38,1.93,1.69,1.62,1.53,-0.189075630252101,-0.124352331606218,-0.0414201183431951,-0.0555555555555556,"-10-20%","LIVE CODE"
"Manufacturing","9505",NA,3.9,3.44,3.1,2.61,2.17,-0.117948717948718,-0.0988372093023255,-0.158064516129032,-0.168582375478927,"-10-20%","LIVE CODE"
"Manufacturing","9521",NA,3.29,2.38,2,1.91,1.77,-0.276595744680851,-0.159663865546218,-0.045,-0.0732984293193717,"-10-20%","LIVE CODE"
"Manufacturing","9522",NA,1.2,1.04,0.89,0.9,0.92,-0.133333333333333,-0.144230769230769,0.0112359550561798,0.0222222222222221,"0-5%","LIVE CODE"
"Manufacturing","9600",NA,1.49,1.31,1.25,1.22,1.17,-0.120805369127517,-0.0458015267175573,-0.024,-0.0409836065573771,"-0-5%","LIVE CODE"
"Miscellaneous","0106",NA,11.37,9.35,9.27,8.91,7.72,-0.177660510114336,-0.00855614973262031,-0.0388349514563107,-0.133557800224467,"-10-20%","LIVE CODE"
"Miscellaneous","0251",NA,2.61,2.38,2.22,2.25,2.15,-0.0881226053639846,-0.0672268907563024,0.0135135135135134,-0.0444444444444445,"-0-5%","LIVE CODE"
"Miscellaneous","1005",NA,4.31,4.25,4.31,4.6,4.23,-0.013921113689095,0.0141176470588233,0.0672853828306266,-0.0804347826086955,"-10-20%","LIVE CODE"
"Miscellaneous","1164",NA,3.88,3.16,2.56,2.27,1.96,-0.185567010309278,-0.189873417721519,-0.11328125,-0.136563876651982,"-10-20%","LIVE CODE"
"Miscellaneous","1165","XD",1.85,1.78,1.68,1.68,1.56,-0.0378378378378379,-0.0561797752808989,0,-0.0714285714285714,"-10-20%","LIVE CODE"
"Miscellaneous","1320",NA,1.44,1.24,1.11,1.1,1.03,-0.138888888888889,-0.104838709677419,-0.00900900900900903,-0.0636363636363637,"-10-20%","LIVE CODE"
"Miscellaneous","1624","D",2.46,2.24,2.05,2,1.8,-0.089430894308943,-0.0848214285714287,-0.0243902439024389,-0.1,"-10-20%","LIVE CODE"
"Miscellaneous","1654",NA,10.37,8.13,6.74,6.02,4.98,-0.216007714561234,-0.170971709717097,-0.106824925816024,-0.172757475083056,"-10-20%","LIVE CODE"
"Miscellaneous","1710",NA,4.88,3.97,3.51,3.18,2.88,-0.186475409836065,-0.115869017632242,-0.0940170940170939,-0.0943396226415095,"-10-20%","LIVE CODE"
"Miscellaneous","2702",NA,13.68,11.92,11.05,11.93,11.89,-0.128654970760234,-0.0729865771812079,0.0796380090497737,-0.00335289186923715,"-0-5%","LIVE CODE"
"Miscellaneous","2705","X*",47.48,40.5,36,34.59,31.46,-0.147009267059815,-0.111111111111111,-0.0391666666666666,-0.0904885805145996,"-10-20%","LIVE CODE"
"Miscellaneous","2709",NA,6.24,5.37,4.73,4.59,4.16,-0.139423076923077,-0.119180633147114,-0.0295983086680762,-0.0936819172113289,"-10-20%","LIVE CODE"
"Miscellaneous","2727","X",6.46,5.71,5.51,5.53,5.17,-0.11609907120743,-0.0350262697022767,0.00362976406533577,-0.0650994575045208,"-10-20%","LIVE CODE"
"Miscellaneous","4000",NA,2.86,2.79,2.43,2.53,2.49,-0.0244755244755244,-0.129032258064516,0.0411522633744854,-0.0158102766798417,"-0-5%","LIVE CODE"
"Miscellaneous","6702","M*",3.04,2.89,2.73,2.56,2.5,-0.0493421052631579,-0.055363321799308,-0.0622710622710623,-0.0234375,"-0-5%","LIVE CODE"
"Miscellaneous","6703","M*",5.79,5.4,4.46,4.06,4.01,-0.0673575129533678,-0.174074074074074,-0.0896860986547086,-0.0123152709359605,"-0-5%","LIVE CODE"
"Miscellaneous","6704","M*",3.38,3.21,3.04,2.85,2.78,-0.0502958579881657,-0.0529595015576324,-0.0625,-0.024561403508772,"-0-5%","LIVE CODE"
"Miscellaneous","6811",NA,4.13,3.22,2.77,2.89,3.08,-0.220338983050847,-0.139751552795031,0.0433212996389891,0.0657439446366781,"5-10%","LIVE CODE"
"Miscellaneous","6834",NA,2.16,1.99,1.84,1.76,1.6,-0.0787037037037037,-0.0753768844221105,-0.0434782608695653,-0.0909090909090908,"-10-20%","LIVE CODE"
"Miscellaneous","6836",NA,2.69,2.37,2.37,2.33,2.1,-0.118959107806691,0,-0.0168776371308017,-0.0987124463519313,"-10-20%","LIVE CODE"
"Miscellaneous","6854",NA,3.71,3.46,3.17,3.05,2.76,-0.0673854447439353,-0.0838150289017341,-0.0378548895899053,-0.0950819672131148,"-10-20%","LIVE CODE"
"Miscellaneous","6882",NA,2.73,2.35,2.06,1.96,1.8,-0.139194139194139,-0.123404255319149,-0.0485436893203884,-0.0816326530612245,"-10-20%","LIVE CODE"
"Miscellaneous","6884",NA,3.37,2.75,2.37,2.19,1.96,-0.183976261127596,-0.138181818181818,-0.0759493670886077,-0.105022831050228,"-10-20%","LIVE CODE"
"Miscellaneous","7016","M",2.71,2.41,2.64,2.68,2.42,-0.11070110701107,0.0954356846473028,0.0151515151515151,-0.0970149253731344,"-10-20%","LIVE CODE"
"Miscellaneous","7024","M",3.01,2.68,2.93,2.98,2.69,-0.109634551495016,0.0932835820895523,0.0170648464163823,-0.0973154362416108,"-10-20%","LIVE CODE"
"Miscellaneous","7038","M",3.72,3.32,3.01,2.74,2.54,-0.10752688172043,-0.0933734939759037,-0.0897009966777407,-0.072992700729927,"-10-20%","LIVE CODE"
"Miscellaneous","7046","M",4.82,4.08,3.72,3.65,3.38,-0.153526970954357,-0.0882352941176471,-0.0188172043010754,-0.0739726027397261,"-10-20%","LIVE CODE"
"Miscellaneous","7047","M",5.16,4.5,4.3,4.25,3.88,-0.127906976744186,-0.0444444444444445,-0.0116279069767441,-0.0870588235294117,"-10-20%","LIVE CODE"
"Miscellaneous","7050","M",7.08,6.2,4.91,4.34,4.06,-0.124293785310734,-0.208064516129032,-0.116089613034623,-0.0645161290322581,"-10-20%","LIVE CODE"
"Miscellaneous","7090","M",4.13,3.69,3.34,3.04,2.82,-0.106537530266344,-0.0948509485094852,-0.0898203592814371,-0.0723684210526316,"-10-20%","LIVE CODE"
"Miscellaneous","7098","M",5.36,4.53,4.13,4.05,3.76,-0.154850746268657,-0.088300220750552,-0.0193704600484261,-0.071604938271605,"-10-20%","LIVE CODE"
"Miscellaneous","7099","M",9.19,7.61,6.07,5.78,5.42,-0.171926006528836,-0.202365308804205,-0.0477759472817133,-0.0622837370242215,"-10-20%","LIVE CODE"
"Miscellaneous","7133",NA,2.57,2.22,2.3,2.58,2.35,-0.136186770428015,0.0360360360360359,0.121739130434783,-0.0891472868217054,"-10-20%","LIVE CODE"
"Miscellaneous","7151","M",3.12,2.7,2.79,3.13,2.86,-0.134615384615385,0.0333333333333332,0.121863799283154,-0.0862619808306709,"-10-20%","LIVE CODE"
"Miscellaneous","7152","M",5.95,5.03,4.56,4.97,4.57,-0.154621848739496,-0.0934393638170975,0.0899122807017545,-0.0804828973843057,"-10-20%","LIVE CODE"
"Miscellaneous","7153","M",3.47,3,3.11,3.48,3.17,-0.135446685878963,0.0366666666666666,0.118971061093248,-0.0890804597701149,"-10-20%","LIVE CODE"
"Miscellaneous","7219",NA,6.38,5.48,5.06,4.98,4.65,-0.141065830721003,-0.0766423357664235,-0.0158102766798417,-0.0662650602409639,"-10-20%","LIVE CODE"
"Miscellaneous","7222","X",5.34,4.76,4.52,4.63,4.66,-0.108614232209738,-0.0504201680672269,0.0243362831858407,0.00647948164146883,"0-5%","LIVE CODE"
"Miscellaneous","7225",NA,5.44,4.64,4.22,4.14,4.61,-0.147058823529412,-0.0905172413793104,-0.018957345971564,0.113526570048309,"10-20%","LIVE CODE"
"Miscellaneous","7230","X",7.7,6.76,5.79,5.78,4.92,-0.122077922077922,-0.143491124260355,-0.00172711571675299,-0.14878892733564,"-10-20%","LIVE CODE"
"Miscellaneous","7231",NA,5.84,5.53,5.19,5.11,4.92,-0.0530821917808219,-0.0614828209764918,-0.0154142581888247,-0.0371819960861057,"-0-5%","LIVE CODE"
"Miscellaneous","7232","X",7.03,6.34,6.13,6.72,6.76,-0.0981507823613087,-0.0331230283911672,0.0962479608482871,0.00595238095238093,"0-5%","LIVE CODE"
"Miscellaneous","7333","M",2.3,2.04,1.79,1.79,1.8,-0.113043478260869,-0.122549019607843,0,0.005586592178771,"0-5%","LIVE CODE"
"Miscellaneous","7335","M",2.56,2.27,1.99,1.99,2,-0.11328125,-0.123348017621145,0,0.00502512562814061,"0-5%","LIVE CODE"
"Miscellaneous","7337","M",4.39,3.81,2.92,2.84,2.88,-0.132118451025057,-0.233595800524934,-0.0273972602739726,0.0140845070422535,"0-5%","LIVE CODE"
"Miscellaneous","7360",NA,3.43,2.83,2.4,2.34,2.18,-0.174927113702624,-0.151943462897527,-0.025,-0.0683760683760682,"-10-20%","LIVE CODE"
"Miscellaneous","7370",NA,3.69,3.02,2.53,2.54,2.47,-0.181571815718157,-0.162251655629139,0.00395256916996067,-0.0275590551181102,"-0-5%","LIVE CODE"
"Miscellaneous","7380",NA,3.71,3.23,3.15,3.13,3.09,-0.129380053908356,-0.0247678018575852,-0.00634920634920633,-0.012779552715655,"-0-5%","LIVE CODE"
"Miscellaneous","7382",NA,3.54,2.94,2.72,2.52,2.42,-0.169491525423729,-0.0748299319727891,-0.073529411764706,-0.0396825396825398,"-0-5%","LIVE CODE"
"Miscellaneous","7394","M",2.29,2.05,1.96,2,1.84,-0.104803493449782,-0.0439024390243902,0.0204081632653061,-0.08,"-10-20%","LIVE CODE"
"Miscellaneous","7395","M",2.54,2.28,2.18,2.22,2.04,-0.102362204724409,-0.0438596491228068,0.0183486238532111,-0.0810810810810811,"-10-20%","LIVE CODE"
"Miscellaneous","7398","M",4.35,3.83,3.2,3.17,2.94,-0.119540229885057,-0.164490861618799,-0.00937500000000002,-0.0725552050473186,"-10-20%","LIVE CODE"
"Miscellaneous","7403",NA,3.54,3.43,2.86,2.93,2.48,-0.0310734463276836,-0.166180758017493,0.0244755244755246,-0.15358361774744,"-10-20%","LIVE CODE"
"Miscellaneous","7405","N",1.91,1.46,1.26,1.17,0.99,-0.235602094240838,-0.136986301369863,-0.0714285714285715,-0.153846153846154,"-10-20%","LIVE CODE"
"Miscellaneous","7420",NA,6.43,5.28,4.86,4.6,4.08,-0.178849144634526,-0.0795454545454545,-0.0534979423868314,-0.113043478260869,"-10-20%","LIVE CODE"
"Miscellaneous","7421",NA,0.5,0.44,0.41,0.44,0.45,-0.12,-0.0681818181818182,0.0731707317073171,0.0227272727272727,"0-5%","LIVE CODE"
"Miscellaneous","7422",NA,1.25,1.02,0.91,0.85,0.76,-0.184,-0.107843137254902,-0.065934065934066,-0.105882352941176,"-10-20%","LIVE CODE"
"Miscellaneous","7425",NA,1.7,1.35,1.22,1.18,1.15,-0.205882352941176,-0.0962962962962963,-0.0327868852459017,-0.0254237288135594,"-0-5%","LIVE CODE"
"Miscellaneous","7431","N",0.84,0.7,0.68,0.71,0.68,-0.166666666666667,-0.0285714285714285,0.0441176470588234,-0.0422535211267604,"-0-5%","LIVE CODE"
"Miscellaneous","7445","N",0.64,0.49,0.42,0.39,0.33,-0.234375,-0.142857142857143,-0.0714285714285714,-0.153846153846154,"-10-20%","LIVE CODE"
"Miscellaneous","7453","N",0.28,0.23,0.23,0.24,0.23,-0.178571428571429,0,0.0434782608695652,-0.0416666666666666,"-0-5%","LIVE CODE"
"Miscellaneous","7502",NA,1.79,1.43,1.2,1.17,1.05,-0.201117318435754,-0.160839160839161,-0.025,-0.102564102564102,"-10-20%","LIVE CODE"
"Miscellaneous","7515",NA,0.73,0.69,0.61,0.59,0.53,-0.0547945205479452,-0.115942028985507,-0.0327868852459017,-0.101694915254237,"-10-20%","LIVE CODE"
"Miscellaneous","7520",NA,2.22,2.02,1.77,1.61,1.49,-0.0900900900900902,-0.123762376237624,-0.0903954802259886,-0.0745341614906833,"-10-20%","LIVE CODE"
"Miscellaneous","7539",NA,1.25,1.07,1,1,0.93,-0.144,-0.0654205607476636,0,-0.07,"-10-20%","LIVE CODE"
"Miscellaneous","7540",NA,3.51,2.71,2.45,2.39,2.07,-0.227920227920228,-0.095940959409594,-0.0244897959183674,-0.133891213389121,"-10-20%","LIVE CODE"
"Miscellaneous","7580",NA,2.29,1.94,1.69,1.7,1.65,-0.152838427947598,-0.128865979381443,0.00591715976331364,-0.0294117647058824,"-0-5%","LIVE CODE"
"Miscellaneous","7590",NA,2.66,2.16,1.88,1.93,1.79,-0.18796992481203,-0.12962962962963,0.0265957446808511,-0.0725388601036269,"-10-20%","LIVE CODE"
"Miscellaneous","7600",NA,3.83,3.24,2.96,3.03,3.09,-0.154046997389034,-0.0864197530864198,0.0236486486486487,0.0198019801980198,"0-5%","LIVE CODE"
"Miscellaneous","7705",NA,4.95,3.8,3.14,2.93,2.63,-0.232323232323232,-0.173684210526316,-0.0668789808917197,-0.102389078498294,"-10-20%","LIVE CODE"
"Miscellaneous","7710",NA,2.63,2.37,2.16,2.16,2.03,-0.0988593155893536,-0.0886075949367089,0,-0.0601851851851853,"-10-20%","LIVE CODE"
"Miscellaneous","7711",NA,2.63,2.37,2.16,2.16,2.03,-0.0988593155893536,-0.0886075949367089,0,-0.0601851851851853,"-10-20%","LIVE CODE"
"Miscellaneous","7720","X",1.63,1.51,1.53,1.61,1.61,-0.0736196319018404,0.0132450331125828,0.0522875816993464,0,"NO CHANGE","LIVE CODE"
"Miscellaneous","7723","X",1.87,1.53,1.35,1.22,1.13,-0.181818181818182,-0.117647058823529,-0.0962962962962963,-0.0737704918032788,"-10-20%","LIVE CODE"
"Miscellaneous","8734","M",0.32,0.26,0.23,0.22,0.22,-0.1875,-0.115384615384615,-0.0434782608695653,0,"NO CHANGE","LIVE CODE"
"Miscellaneous","8737","M",0.29,0.23,0.21,0.19,0.19,-0.206896551724138,-0.0869565217391305,-0.0952380952380952,0,"NO CHANGE","LIVE CODE"
"Miscellaneous","8738","M",0.56,0.43,0.34,0.31,0.31,-0.232142857142857,-0.209302325581395,-0.0882352941176471,0,"NO CHANGE","LIVE CODE"
"Miscellaneous","8805","M",0.12,0.11,0.09,0.09,0.08,-0.0833333333333333,-0.181818181818182,0,-0.111111111111111,"-10-20%","LIVE CODE"
"Miscellaneous","8814","M",0.11,0.1,0.09,0.09,0.07,-0.0909090909090908,-0.1,0,-0.222222222222222,"-20%","LIVE CODE"
"Miscellaneous","8815","M",0.21,0.18,0.14,0.13,0.12,-0.142857142857143,-0.222222222222222,-0.0714285714285715,-0.076923076923077,"-10-20%","LIVE CODE"
"Miscellaneous","9019",NA,1.23,1.37,1.47,1.51,1.4,0.113821138211382,0.0729927007299269,0.0272108843537415,-0.0728476821192053,"-10-20%","LIVE CODE"
"Miscellaneous","9102",NA,2.22,1.95,1.8,1.85,1.66,-0.121621621621622,-0.0769230769230769,0.0277777777777779,-0.102702702702703,"-10-20%","LIVE CODE"
"Miscellaneous","9154",NA,1.24,1.07,0.96,0.95,0.87,-0.137096774193548,-0.102803738317757,-0.0104166666666666,-0.0842105263157894,"-10-20%","LIVE CODE"
"Miscellaneous","9178",NA,4.7,3.94,3.58,3.47,3.16,-0.161702127659574,-0.0913705583756345,-0.0307262569832402,-0.0893371757925072,"-10-20%","LIVE CODE"
"Miscellaneous","9179",NA,7.8,6.83,7.22,8.72,8.83,-0.124358974358974,0.0571010248901902,0.207756232686981,0.0126146788990824,"0-5%","LIVE CODE"
"Miscellaneous","9180",NA,3.08,2.96,2.76,2.66,2.43,-0.038961038961039,-0.0675675675675677,-0.0362318840579708,-0.0864661654135338,"-10-20%","LIVE CODE"
"Miscellaneous","9182",NA,1.21,1.06,1.03,1.1,1.06,-0.12396694214876,-0.0283018867924528,0.0679611650485437,-0.0363636363636364,"-0-5%","LIVE CODE"
"Miscellaneous","9186",NA,13.24,10.78,9.59,8.69,7.07,-0.185800604229607,-0.11038961038961,-0.0938477580813347,-0.186421173762946,"-10-20%","LIVE CODE"
"Miscellaneous","9402",NA,3.2,3.21,3.07,2.99,2.93,0.00312499999999982,-0.043613707165109,-0.026058631921824,-0.020066889632107,"-0-5%","LIVE CODE"
"Miscellaneous","9403",NA,5.61,4.91,4.65,4.27,4.07,-0.124777183600713,-0.0529531568228105,-0.0817204301075271,-0.046838407494145,"-0-5%","LIVE CODE"
"Office and Clerical","4361",NA,0.71,0.59,0.53,0.49,0.46,-0.169014084507042,-0.101694915254237,-0.0754716981132076,-0.0612244897959183,"-10-20%","LIVE CODE"
"Office and Clerical","7402",NA,0.09,0.07,0.06,0.06,0.06,-0.222222222222222,-0.142857142857143,0,0,"NO CHANGE","LIVE CODE"
"Office and Clerical","7610",NA,0.46,0.37,0.35,0.33,0.31,-0.195652173913044,-0.0540540540540541,-0.0571428571428571,-0.0606060606060607,"-10-20%","LIVE CODE"
"Office and Clerical","8601",NA,0.26,0.19,0.17,0.16,0.16,-0.269230769230769,-0.105263157894737,-0.0588235294117647,0,"NO CHANGE","LIVE CODE"
"Office and Clerical","8602",NA,1.06,0.94,0.83,0.76,0.66,-0.113207547169811,-0.117021276595745,-0.0843373493975903,-0.131578947368421,"-10-20%","LIVE CODE"
"Office and Clerical","8603",NA,0.04,0.04,0.04,0.04,0.04,0,0,0,0,"NO CHANGE","LIVE CODE"
"Office and Clerical","8721",NA,0.24,0.2,0.2,0.22,0.2,-0.166666666666667,0,0.0999999999999999,-0.0909090909090908,"-10-20%","LIVE CODE"
"Office and Clerical","8723",NA,0.12,0.11,0.1,0.09,0.08,-0.0833333333333333,-0.0909090909090908,-0.1,-0.111111111111111,"-10-20%","LIVE CODE"
"Office and Clerical","8742",NA,0.24,0.19,0.17,0.16,0.16,-0.208333333333333,-0.105263157894737,-0.0588235294117647,0,"NO CHANGE","LIVE CODE"
"Office and Clerical","8748",NA,0.43,0.36,0.32,0.32,0.33,-0.162790697674419,-0.111111111111111,0,0.03125,"0-5%","LIVE CODE"
"Office and Clerical","8755",NA,0.21,0.17,0.15,0.16,0.17,-0.19047619047619,-0.11764705882353,0.0666666666666667,0.0625,"5-10%","LIVE CODE"
"Office and Clerical","8799",NA,0.36,0.27,0.23,0.22,0.23,-0.25,-0.148148148148148,-0.0434782608695653,0.0454545454545454,"0-5%","LIVE CODE"
"Office and Clerical","8800",NA,0.93,0.85,0.82,0.77,0.74,-0.0860215053763441,-0.0352941176470588,-0.0609756097560975,-0.038961038961039,"-0-5%","LIVE CODE"
"Office and Clerical","8803",NA,0.07,0.04,0.03,0.03,0.03,-0.428571428571429,-0.25,0,0,"NO CHANGE","LIVE CODE"
"Office and Clerical","8810",NA,0.09,0.08,0.07,0.07,0.06,-0.111111111111111,-0.125,0,-0.142857142857143,"-10-20%","LIVE CODE"
"Office and Clerical","8820",NA,0.09,0.08,0.07,0.07,0.07,-0.111111111111111,-0.125,0,0,"NO CHANGE","LIVE CODE"
"Office and Clerical","8832",NA,0.26,0.21,0.18,0.17,0.16,-0.192307692307692,-0.142857142857143,-0.0555555555555555,-0.0588235294117647,"-10-20%","LIVE CODE"
"Office and Clerical","8833",NA,0.89,0.71,0.62,0.56,0.53,-0.202247191011236,-0.126760563380282,-0.096774193548387,-0.0535714285714286,"-10-20%","LIVE CODE"
"Office and Clerical","8855",NA,0.1,0.08,0.07,0.07,0.07,-0.2,-0.125,0,0,"NO CHANGE","LIVE CODE"
"Office and Clerical","8856",NA,0.21,0.22,0.25,0.3,0.32,0.0476190476190477,0.136363636363636,0.2,0.0666666666666667,"5-10%","LIVE CODE"
"Office and Clerical","8868",NA,0.37,0.29,0.26,0.26,0.25,-0.216216216216216,-0.103448275862069,0,-0.0384615384615385,"-0-5%","LIVE CODE"
"Office and Clerical","8869",NA,0.82,0.65,0.6,0.58,0.58,-0.207317073170732,-0.076923076923077,-0.0333333333333333,0,"NO CHANGE","LIVE CODE"
"Office and Clerical","8871",NA,0.06,0.04,0.04,0.04,0.04,-0.333333333333333,0,0,0,"NO CHANGE","LIVE CODE"
"Office and Clerical","8901",NA,0.13,0.11,0.11,0.1,0.11,-0.153846153846154,0,-0.0909090909090908,0.0999999999999999,"5-10%","LIVE CODE"
"Office and Clerical","9012",NA,0.71,0.55,0.51,0.49,0.49,-0.225352112676056,-0.0727272727272728,-0.0392156862745099,0,"NO CHANGE","LIVE CODE"
"Office and Clerical","9156",NA,1.47,1.29,1.2,1.21,1.12,-0.122448979591837,-0.0697674418604651,0.0083333333333333,-0.0743801652892561,"-10-20%","LIVE CODE"
